sweep_id,sampling_method,position_field,axis,requested_position_mm,effective_position_mm,displacement_from_reference_mm,step_mm,declared_sensor_pitch_mm,constructed_sensor_coordinate_step_mm,simulation_grid_pitch_mm,selected_center_index,selected_index_min,selected_index_max,selected_index_unique_count,selected_index_signature,center_sensor_coordinate_mm,center_fractional_grid_index,index_boundary_crossed,captured_power,image_sum,image_max,stored_centroid_x_px,sensor_frame_centroid_x_px,image_derived_centroid_x_px,stored_centroid_y_px,sensor_frame_centroid_y_px,image_derived_centroid_y_px,stored_sigma_x_px,sensor_frame_sigma_x_px,image_derived_sigma_x_px,stored_sigma_y_px,sensor_frame_sigma_y_px,image_derived_sigma_y_px,stored_peak_intensity,sensor_frame_peak_intensity,image_derived_peak_intensity,delta_centroid_x_px,tolerance_normalized_delta_centroid_x_px,derivative_centroid_x_px_per_mm,delta_centroid_y_px,tolerance_normalized_delta_centroid_y_px,derivative_centroid_y_px_per_mm,delta_sigma_x_px,tolerance_normalized_delta_sigma_x_px,derivative_sigma_x_px_per_mm,delta_sigma_y_px,tolerance_normalized_delta_sigma_y_px,derivative_sigma_y_px_per_mm,delta_peak_intensity,tolerance_normalized_delta_peak_intensity,derivative_peak_intensity_per_mm,max_tolerance_normalized_delta,exact_image_plateau,raw_image_relative_l1_change,normalized_image_mean_abs_change,normalized_image_relative_l2_change,exact_metric_plateau,requested_action_json,effective_action_json
v12_absolute_actuator_limit_camera_x_mm,production_searchsorted,camera_x_mm,x,2.9850000000000003,2.9850000000000003,-0.004999999999999893,0.0004999999999999996,0.0055,0.005505376344086021,0.058651026392960576,563,515,611,97,51212d0ee8aef8ea,2.9877526881720433,562.4411833333457,False,5.352846619467788e-07,17695.36072551335,6.690509729299775,612.1907392395391,69.46346651226628,69.89514281450045,504.41398623518165,504.41398623518165,504.4209061704988,87.88249127197624,87.88249127197624,87.79666852659344,120.80978564386737,120.80978564386737,120.69180733757453,6.690509729299775,6.690509729299775,6.690509729299775,0.0,0.0,0.0,0.0,0.0,0.0,0.0,0.0,0.0,0.0,0.0,0.0,0.0,0.0,0.0,0.0,False,0.0,0.0,0.0,False,"{""lens_x_delta_mm"": 0.0, ""lens_y_delta_mm"": 0.0, ""camera_x_delta_mm"": -0.005, ""camera_y_delta_mm"": 0.0}","{""lens_x_delta_mm"": 0.0, ""lens_y_delta_mm"": 0.0, ""camera_x_delta_mm"": -0.005, ""camera_y_delta_mm"": 0.0}"
v12_absolute_actuator_limit_camera_x_mm,production_searchsorted,camera_x_mm,x,2.9855,2.9855,-0.0045000000000001705,0.0004999999999999996,0.0055,0.005505376344086021,0.058651026392960576,563,515,611,97,4e04b4c500f714b7,2.9882526881720435,562.4497083333458,True,5.338853929566904e-07,17649.103899394726,6.690509729299775,611.930894200622,69.11271238244012,69.54473121800419,504.41398623518165,504.41398623518165,504.4209061704988,87.72368427729018,87.72368427729018,87.63801661686313,120.80978564386737,120.80978564386737,120.69180733757453,6.690509729299775,6.690509729299775,6.690509729299775,-0.2598450389170921,0.2598450389170921,-519.6900778341846,0.0,0.0,0.0,-0.15880699468605997,0.07940349734302998,-317.6139893721202,0.0,0.0,0.0,0.0,0.0,0.0,0.2598450389170921,False,0.00261406516861403,6.593510631127882e-06,0.016798837741034384,False,"{""lens_x_delta_mm"": 0.0, ""lens_y_delta_mm"": 0.0, ""camera_x_delta_mm"": -0.0045000000000000005, ""camera_y_delta_mm"": 0.0}","{""lens_x_delta_mm"": 0.0, ""lens_y_delta_mm"": 0.0, ""camera_x_delta_mm"": -0.0045000000000000005, ""camera_y_delta_mm"": 0.0}"
v12_absolute_actuator_limit_camera_x_mm,production_searchsorted,camera_x_mm,x,2.986,2.986,-0.0040000000000000036,0.0004999999999999996,0.0055,0.005505376344086021,0.058651026392960576,563,515,611,97,b6180c4d671e4500,2.9887526881720436,562.4582333333458,True,5.338220083591732e-07,17647.008540799114,6.690509729299775,612.022389399998,69.11329849090697,69.54531675409947,504.41398623518165,504.41398623518165,504.4209061704988,87.73365147801076,87.73365147801076,87.64797408398925,120.80978564386739,120.80978564386739,120.69180733757455,6.690509729299775,6.690509729299775,6.690509729299775,0.0914951993760269,0.0914951993760269,182.99039875205395,0.0,0.0,0.0,0.009967200720581104,0.004983600360290552,19.934401441162226,1.4210854715202004e-14,7.105427357601002e-15,2.842170943040403e-11,0.0,0.0,0.0,0.0914951993760269,False,0.00013832154998080125,3.479792812617797e-07,0.0008316070962735864,False,"{""lens_x_delta_mm"": 0.0, ""lens_y_delta_mm"": 0.0, ""camera_x_delta_mm"": -0.004, ""camera_y_delta_mm"": 0.0}","{""lens_x_delta_mm"": 0.0, ""lens_y_delta_mm"": 0.0, ""camera_x_delta_mm"": -0.004, ""camera_y_delta_mm"": 0.0}"
v12_absolute_actuator_limit_camera_x_mm,production_searchsorted,camera_x_mm,x,2.9865000000000004,2.9865000000000004,-0.0034999999999998366,0.0004999999999999996,0.0055,0.005505376344086021,0.058651026392960576,563,515,611,97,9db5fe86e27531b4,2.989252688172044,562.4667583333459,True,5.265732869817983e-07,17407.38138782804,6.690509729299775,612.7713567583805,69.77135675838042,70.2027323865459,504.41398623518165,504.41398623518165,504.4209061704988,88.10592430751385,88.10592430751385,88.01988336580726,120.80978564386739,120.80978564386739,120.69180733757455,6.690509729299775,6.690509729299775,6.690509729299775,0.7489673583825152,0.7489673583825152,1497.9347167650317,0.0,0.0,0.0,0.37227282950308904,0.18613641475154452,744.5456590061788,0.0,0.0,0.0,0.0,0.0,0.0,0.7489673583825152,False,0.013578910692827248,3.415677886264421e-05,0.09628574566372615,False,"{""lens_x_delta_mm"": 0.0, ""lens_y_delta_mm"": 0.0, ""camera_x_delta_mm"": -0.0035, ""camera_y_delta_mm"": 0.0}","{""lens_x_delta_mm"": 0.0, ""lens_y_delta_mm"": 0.0, ""camera_x_delta_mm"": -0.0035, ""camera_y_delta_mm"": 0.0}"
v12_absolute_actuator_limit_camera_x_mm,production_searchsorted,camera_x_mm,x,2.987,2.987,-0.0030000000000001137,0.0004999999999999996,0.0055,0.005505376344086021,0.058651026392960576,563,515,611,97,636a6304c34e6dc2,2.989752688172043,562.4752833333458,True,5.280323874570449e-07,17455.61611428248,6.690509729299775,613.1624252067331,70.07151611582401,70.50259861961717,504.41398623518165,504.41398623518165,504.4209061704988,88.15280139374946,88.15280139374946,88.06671467363836,120.80978564386737,120.80978564386737,120.69180733757453,6.690509729299775,6.690509729299775,6.690509729299775,0.39106844835259835,0.39106844835259835,782.1368967051974,0.0,0.0,0.0,0.04687708623561093,0.023438543117805466,93.75417247122195,-1.4210854715202004e-14,7.105427357601002e-15,-2.842170943040403e-11,0.0,0.0,0.0,0.39106844835259835,False,0.006096154218983377,1.5126215029482309e-05,0.036696493932861625,False,"{""lens_x_delta_mm"": 0.0, ""lens_y_delta_mm"": 0.0, ""camera_x_delta_mm"": -0.003, ""camera_y_delta_mm"": 0.0}","{""lens_x_delta_mm"": 0.0, ""lens_y_delta_mm"": 0.0, ""camera_x_delta_mm"": -0.003, ""camera_y_delta_mm"": 0.0}"
v12_absolute_actuator_limit_camera_x_mm,production_searchsorted,camera_x_mm,x,2.9875000000000003,2.9875000000000003,-0.0024999999999999467,0.0004999999999999996,0.0055,0.005505376344086021,0.058651026392960576,563,515,611,97,c45acd2a5f8ac84f,2.9902526881720433,562.4838083333458,True,5.28346320518474e-07,17465.994066726416,6.690509729299775,613.3112926016325,70.12947441981436,70.56050032370143,504.41398623518165,504.41398623518165,504.4209061704988,88.15557512306856,88.15557512306856,88.06948569423744,120.80978564386737,120.80978564386737,120.69180733757453,6.690509729299775,6.690509729299775,6.690509729299775,0.14886739489941192,0.14886739489941192,297.73478979882407,0.0,0.0,0.0,0.002773729319102358,0.001386864659551179,5.547458638204721,0.0,0.0,0.0,0.0,0.0,0.0,0.14886739489941192,False,0.0007843498892818237,1.951577947508449e-06,0.005395074357134114,False,"{""lens_x_delta_mm"": 0.0, ""lens_y_delta_mm"": 0.0, ""camera_x_delta_mm"": -0.0025, ""camera_y_delta_mm"": 0.0}","{""lens_x_delta_mm"": 0.0, ""lens_y_delta_mm"": 0.0, ""camera_x_delta_mm"": -0.0025, ""camera_y_delta_mm"": 0.0}"
v12_absolute_actuator_limit_camera_x_mm,production_searchsorted,camera_x_mm,x,2.9880000000000004,2.9880000000000004,-0.0019999999999997797,0.0004999999999999996,0.0055,0.005505376344086021,0.058651026392960576,563,515,611,97,c28e9aefdeaf607d,2.990752688172044,562.4923333333459,True,5.282132029432288e-07,17461.59348572657,6.690509729299775,613.3974825280337,70.12475525530635,70.55578576775224,504.41398623518165,504.41398623518165,504.4209061704988,88.16046302070988,88.16046302070988,88.07436881854122,120.80978564386737,120.80978564386737,120.69180733757453,6.690509729299775,6.690509729299775,6.690509729299775,0.0861899264011754,0.0861899264011754,172.37985280235094,0.0,0.0,0.0,0.004887897641324912,0.002443948820662456,9.775795282649833,0.0,0.0,0.0,0.0,0.0,0.0,0.0861899264011754,False,0.00025195136234617714,6.272647745262074e-07,0.0016072869271053403,False,"{""lens_x_delta_mm"": 0.0, ""lens_y_delta_mm"": 0.0, ""camera_x_delta_mm"": -0.002, ""camera_y_delta_mm"": 0.0}","{""lens_x_delta_mm"": 0.0, ""lens_y_delta_mm"": 0.0, ""camera_x_delta_mm"": -0.002, ""camera_y_delta_mm"": 0.0}"
v12_absolute_actuator_limit_camera_x_mm,production_searchsorted,camera_x_mm,x,2.9885,2.9885,-0.0015000000000000568,0.0004999999999999996,0.0055,0.005505376344086021,0.058651026392960576,563,515,611,97,f3de5e13eb78cf4f,2.9912526881720436,562.5008583333458,True,5.227466913891995e-07,17280.882359973537,6.690509729299775,614.0001668646762,70.63653050103977,71.06706123297226,504.41398623518165,504.41398623518165,504.4209061704988,88.37588212953382,88.37588212953382,88.28957755714168,120.80978564386737,120.80978564386737,120.69180733757453,6.690509729299775,6.690509729299775,6.690509729299775,0.6026843366424828,0.6026843366424828,1205.3686732849665,0.0,0.0,0.0,0.21541910882393722,0.10770955441196861,430.8382176478748,0.0,0.0,0.0,0.0,0.0,0.0,0.6026843366424828,False,0.010349062695838752,2.5758808565033707e-05,0.06010234523113832,False,"{""lens_x_delta_mm"": 0.0, ""lens_y_delta_mm"": 0.0, ""camera_x_delta_mm"": -0.0015, ""camera_y_delta_mm"": 0.0}","{""lens_x_delta_mm"": 0.0, ""lens_y_delta_mm"": 0.0, ""camera_x_delta_mm"": -0.0015, ""camera_y_delta_mm"": 0.0}"
v12_absolute_actuator_limit_camera_x_mm,production_searchsorted,camera_x_mm,x,2.9890000000000003,2.9890000000000003,-0.0009999999999998899,0.0004999999999999996,0.0055,0.005505376344086021,0.058651026392960576,563,515,611,97,d2d9ddea9e1a4dbf,2.9917526881720433,562.5093833333458,True,5.223920032276101e-07,17269.157131491243,6.690509729299775,613.9081129300616,70.4535674755162,70.88427688227841,504.41398623518165,504.41398623518165,504.4209061704988,88.19551281468007,88.19551281468007,88.10938438419699,120.80978564386737,120.80978564386737,120.69180733757453,6.690509729299775,6.690509729299775,6.690509729299775,-0.09205393461456879,0.09205393461456879,-184.10786922913772,0.0,0.0,0.0,-0.18036931485374907,0.09018465742687454,-360.73862970749843,0.0,0.0,0.0,0.0,0.0,0.0,0.09205393461456879,False,0.005708773803836129,1.4062082105729014e-05,0.031593218316188006,False,"{""lens_x_delta_mm"": 0.0, ""lens_y_delta_mm"": 0.0, ""camera_x_delta_mm"": -0.001, ""camera_y_delta_mm"": 0.0}","{""lens_x_delta_mm"": 0.0, ""lens_y_delta_mm"": 0.0, ""camera_x_delta_mm"": -0.001, ""camera_y_delta_mm"": 0.0}"
v12_absolute_actuator_limit_camera_x_mm,production_searchsorted,camera_x_mm,x,2.9895,2.9895,-0.000500000000000167,0.0004999999999999996,0.0055,0.005505376344086021,0.058651026392960576,563,515,611,97,75cdfecf728d382e,2.992252688172043,562.5179083333458,True,5.228409646350779e-07,17283.998830911667,6.690509729299775,614.0811790692369,70.53572452378233,70.96635369905198,504.41398623518165,504.41398623518165,504.4209061704988,88.20667518081376,88.20667518081376,88.1205358495825,120.80978564386739,120.80978564386739,120.69180733757455,6.690509729299775,6.690509729299775,6.690509729299775,0.17306613917526192,0.17306613917526192,346.13227835052413,0.0,0.0,0.0,0.011162366133689261,0.0055811830668446305,22.32473226737854,1.4210854715202004e-14,7.105427357601002e-15,2.842170943040403e-11,0.0,0.0,0.0,0.17306613917526192,False,0.0010461572557718699,2.5751883134718712e-06,0.0072746370685543935,False,"{""lens_x_delta_mm"": 0.0, ""lens_y_delta_mm"": 0.0, ""camera_x_delta_mm"": -0.0004999999999999996, ""camera_y_delta_mm"": 0.0}","{""lens_x_delta_mm"": 0.0, ""lens_y_delta_mm"": 0.0, ""camera_x_delta_mm"": -0.0004999999999999996, ""camera_y_delta_mm"": 0.0}"
v12_absolute_actuator_limit_camera_x_mm,production_searchsorted,camera_x_mm,x,2.99,2.99,0.0,0.0004999999999999996,0.0055,0.005505376344086021,0.058651026392960576,563,515,611,97,970c170609ae630d,2.9927526881720437,562.5264333333457,True,5.18821052723031e-07,17151.109180926644,6.690509729299775,614.4955524975427,70.8591888611789,71.28950215330661,504.41398623518165,504.41398623518165,504.4209061704988,88.46342043667906,88.46342043667906,88.37703037765885,120.80978564386739,120.80978564386739,120.69180733757455,6.690509729299775,6.690509729299775,6.690509729299775,0.4143734283057938,0.4143734283057938,828.7468566115883,0.0,0.0,0.0,0.2567452558652974,0.1283726279326487,513.4905117305952,0.0,0.0,0.0,0.0,0.0,0.0,0.4143734283057938,False,0.007688594016065044,1.8942270654196655e-05,0.05642532861028198,False,"{""lens_x_delta_mm"": 0.0, ""lens_y_delta_mm"": 0.0, ""camera_x_delta_mm"": 0.0, ""camera_y_delta_mm"": 0.0}","{""lens_x_delta_mm"": 0.0, ""lens_y_delta_mm"": 0.0, ""camera_x_delta_mm"": 0.0, ""camera_y_delta_mm"": 0.0}"
v12_absolute_actuator_limit_camera_x_mm,production_searchsorted,camera_x_mm,x,2.9905000000000004,2.9905000000000004,0.000500000000000167,0.0004999999999999996,0.0055,0.005505376344086021,0.058651026392960576,563,515,611,97,df95987778dc2cb0,2.993252688172044,562.5349583333458,True,5.184451645952744e-07,17138.68312711651,6.690509729299775,614.462257055716,70.7349843284432,71.16541891406007,504.41398623518165,504.41398623518165,504.4209061704988,88.37456117609578,88.37456117609578,88.28825789369725,120.80978564386737,120.80978564386737,120.69180733757453,6.690509729299775,6.690509729299775,6.690509729299775,-0.03329544182668087,0.03329544182668087,-66.5908836533618,0.0,0.0,0.0,-0.08885926058327698,0.04442963029163849,-177.7185211665541,-1.4210854715202004e-14,7.105427357601002e-15,-2.842170943040403e-11,0.0,0.0,0.0,0.04442963029163849,False,0.0007245043850549439,1.771226536165635e-06,0.005245895104283619,False,"{""lens_x_delta_mm"": 0.0, ""lens_y_delta_mm"": 0.0, ""camera_x_delta_mm"": 0.0004999999999999996, ""camera_y_delta_mm"": 0.0}","{""lens_x_delta_mm"": 0.0, ""lens_y_delta_mm"": 0.0, ""camera_x_delta_mm"": 0.0004999999999999996, ""camera_y_delta_mm"": 0.0}"
v12_absolute_actuator_limit_camera_x_mm,production_searchsorted,camera_x_mm,x,2.991,2.991,0.0009999999999998899,0.0004999999999999996,0.0055,0.005505376344086021,0.058651026392960576,563,515,611,97,3bc1362eae95ff9d,2.9937526881720435,562.5434833333458,True,5.17045895605186e-07,17092.426300997886,6.690509729299775,614.1971384211405,70.37895660295868,70.80973887190117,504.41398623518165,504.41398623518165,504.4209061704988,88.22207451224357,88.22207451224357,88.13592014260271,120.80978564386737,120.80978564386737,120.69180733757453,6.690509729299775,6.690509729299775,6.690509729299775,-0.265118634575515,0.265118634575515,-530.2372691510304,0.0,0.0,0.0,-0.15248666385221554,0.07624333192610777,-304.97332770443137,0.0,0.0,0.0,0.0,0.0,0.0,0.265118634575515,False,0.0026989720141005723,6.593510631127882e-06,0.017323381938975726,False,"{""lens_x_delta_mm"": 0.0, ""lens_y_delta_mm"": 0.0, ""camera_x_delta_mm"": 0.001, ""camera_y_delta_mm"": 0.0}","{""lens_x_delta_mm"": 0.0, ""lens_y_delta_mm"": 0.0, ""camera_x_delta_mm"": 0.001, ""camera_y_delta_mm"": 0.0}"
v12_absolute_actuator_limit_camera_x_mm,production_searchsorted,camera_x_mm,x,2.9915000000000003,2.9915000000000003,0.0015000000000000568,0.0004999999999999996,0.0055,0.005505376344086021,0.058651026392960576,563,515,611,97,3459754404b8b882,2.9942526881720433,562.5520083333458,True,5.169825110076688e-07,17090.330942402274,6.690509729299775,614.2889306841619,70.37983977507093,70.81062118154051,504.41398623518165,504.41398623518165,504.4209061704988,88.2323500179565,88.2323500179565,88.14618561364209,120.80978564386737,120.80978564386737,120.69180733757453,6.690509729299775,6.690509729299775,6.690509729299775,0.09179226302137522,0.09179226302137522,183.58452604275058,0.0,0.0,0.0,0.010275505712940003,0.0051377528564700015,20.551011425880024,0.0,0.0,0.0,0.0,0.0,0.0,0.09179226302137522,False,0.00014282649895023722,3.479792812617797e-07,0.0008576242433092941,False,"{""lens_x_delta_mm"": 0.0, ""lens_y_delta_mm"": 0.0, ""camera_x_delta_mm"": 0.0015000000000000005, ""camera_y_delta_mm"": 0.0}","{""lens_x_delta_mm"": 0.0, ""lens_y_delta_mm"": 0.0, ""camera_x_delta_mm"": 0.0015000000000000005, ""camera_y_delta_mm"": 0.0}"
v12_absolute_actuator_limit_camera_x_mm,production_searchsorted,camera_x_mm,x,2.992,2.992,0.0019999999999997797,0.0004999999999999996,0.0055,0.005505376344086021,0.058651026392960576,563,515,611,97,417cf96b78617e8f,2.994752688172043,562.5605333333458,True,5.097896445453813e-07,16852.550232905167,6.690509729299775,615.1126634342304,71.11266343423034,71.54272919259535,504.41398623518165,504.41398623518165,504.4209061704988,88.62100963290143,88.62100963290143,88.53446567818179,120.80978564386737,120.80978564386737,120.69180733757453,6.690509729299775,6.690509729299775,6.690509729299775,0.8237327500685296,0.8237327500685296,1647.4655001370606,0.0,0.0,0.0,0.3886596149449275,0.19432980747246376,777.3192298898557,0.0,0.0,0.0,0.0,0.0,0.0,0.8237327500685296,False,0.0139131717401188,3.3893584309604156e-05,0.099294577124652,False,"{""lens_x_delta_mm"": 0.0, ""lens_y_delta_mm"": 0.0, ""camera_x_delta_mm"": 0.002, ""camera_y_delta_mm"": 0.0}","{""lens_x_delta_mm"": 0.0, ""lens_y_delta_mm"": 0.0, ""camera_x_delta_mm"": 0.002, ""camera_y_delta_mm"": 0.0}"
v12_absolute_actuator_limit_camera_x_mm,production_searchsorted,camera_x_mm,x,2.9925,2.9925,0.0024999999999999467,0.0004999999999999996,0.0055,0.005505376344086021,0.058651026392960576,563,515,611,97,4b17e1d14b00f9d2,2.9952526881720436,562.5690583333458,True,5.111928901055405e-07,16898.93851588564,6.690509729299775,615.4862129392949,71.39530384838571,71.82509359072122,504.41398623518165,504.41398623518165,504.4209061704988,88.64233259130958,88.64233259130958,88.55576781338839,120.80978564386739,120.80978564386739,120.69180733757453,6.690509729299775,6.690509729299775,6.690509729299775,0.3735495050644886,0.3735495050644886,747.0990101289779,0.0,0.0,0.0,0.021322958408148907,0.010661479204074453,42.64591681629785,1.4210854715202004e-14,7.105427357601002e-15,2.842170943040403e-11,0.0,0.0,0.0,0.3735495050644886,False,0.006406420599300035,1.5389409582522362e-05,0.037887876679946045,False,"{""lens_x_delta_mm"": 0.0, ""lens_y_delta_mm"": 0.0, ""camera_x_delta_mm"": 0.0024999999999999996, ""camera_y_delta_mm"": 0.0}","{""lens_x_delta_mm"": 0.0, ""lens_y_delta_mm"": 0.0, ""camera_x_delta_mm"": 0.0024999999999999996, ""camera_y_delta_mm"": 0.0}"
v12_absolute_actuator_limit_camera_x_mm,production_searchsorted,camera_x_mm,x,2.9930000000000003,2.9930000000000003,0.0030000000000001137,0.0004999999999999996,0.0055,0.005505376344086021,0.058651026392960576,563,515,611,97,2d5fbbacd7d4ed25,2.9957526881720438,562.5775833333458,True,5.115068231669695e-07,16909.316468329573,6.690509729299775,615.6355615947044,71.45374341288618,71.88347608533456,504.41398623518165,504.41398623518165,504.4209061704988,88.64333117744883,88.64333117744883,88.55676542434585,120.80978564386739,120.80978564386739,120.69180733757453,6.690509729299775,6.690509729299775,6.690509729299775,0.1493486554095398,0.1493486554095398,298.6973108190798,0.0,0.0,0.0,0.0009985861392465267,0.0004992930696232634,1.9971722784930552,0.0,0.0,0.0,0.0,0.0,0.0,0.1493486554095398,False,0.0008101876075655954,1.951577947508449e-06,0.005568339695399753,False,"{""lens_x_delta_mm"": 0.0, ""lens_y_delta_mm"": 0.0, ""camera_x_delta_mm"": 0.003, ""camera_y_delta_mm"": 0.0}","{""lens_x_delta_mm"": 0.0, ""lens_y_delta_mm"": 0.0, ""camera_x_delta_mm"": 0.003, ""camera_y_delta_mm"": 0.0}"
v12_absolute_actuator_limit_camera_x_mm,production_searchsorted,camera_x_mm,x,2.9935,2.9935,0.0034999999999998366,0.0004999999999999996,0.0055,0.005505376344086021,0.058651026392960576,563,515,611,97,c8478a94f54c6a78,2.996252688172043,562.5861083333458,True,5.113737055917244e-07,16904.915887329735,6.690509729299775,615.7222014128705,71.44947414014325,71.87921098180328,504.41398623518165,504.41398623518165,504.4209061704988,88.64859881022029,88.64859881022029,88.56202791294469,120.80978564386737,120.80978564386737,120.6918073375745,6.690509729299775,6.690509729299775,6.690509729299775,0.08663981816607702,0.08663981816607702,173.27963633215418,0.0,0.0,0.0,0.005267632771463582,0.002633816385731791,10.535265542927172,-1.4210854715202004e-14,7.105427357601002e-15,-2.842170943040403e-11,0.0,0.0,0.0,0.08663981816607702,False,0.0002602459424119282,6.272647745262074e-07,0.0016588999211454587,False,"{""lens_x_delta_mm"": 0.0, ""lens_y_delta_mm"": 0.0, ""camera_x_delta_mm"": 0.0035000000000000005, ""camera_y_delta_mm"": 0.0}","{""lens_x_delta_mm"": 0.0, ""lens_y_delta_mm"": 0.0, ""camera_x_delta_mm"": 0.0035000000000000005, ""camera_y_delta_mm"": 0.0}"
v12_absolute_actuator_limit_camera_x_mm,production_searchsorted,camera_x_mm,x,2.994,2.994,0.0040000000000000036,0.0004999999999999996,0.0055,0.005505376344086021,0.058651026392960576,563,515,611,97,04d2555821316819,2.996752688172043,562.5946333333459,True,5.059071972483551e-07,16724.20486771422,6.690509729299775,616.3670550103329,72.00341864669656,72.43261452692451,504.41398623518165,504.41398623518165,504.4209061704988,88.86084896956378,88.86084896956378,88.77407079674194,120.80978564386737,120.80978564386737,120.69180733757453,6.690509729299775,6.690509729299775,6.690509729299775,0.6448535974624292,0.6448535974624292,1289.7071949248596,0.0,0.0,0.0,0.21225015934348335,0.10612507967174167,424.50031868696703,0.0,0.0,0.0,0.0,0.0,0.0,0.6448535974624292,False,0.010689850267220618,2.575879343604789e-05,0.06203237140929854,False,"{""lens_x_delta_mm"": 0.0, ""lens_y_delta_mm"": 0.0, ""camera_x_delta_mm"": 0.004000000000000001, ""camera_y_delta_mm"": 0.0}","{""lens_x_delta_mm"": 0.0, ""lens_y_delta_mm"": 0.0, ""camera_x_delta_mm"": 0.004000000000000001, ""camera_y_delta_mm"": 0.0}"
v12_absolute_actuator_limit_camera_x_mm,production_searchsorted,camera_x_mm,x,2.9945000000000004,2.9945000000000004,0.0045000000000001705,0.0004999999999999996,0.0055,0.005505376344086021,0.058651026392960576,563,515,611,97,2aaa550455e861b4,2.997252688172044,562.6031583333458,True,5.055560794779682e-07,16712.597668693164,6.690509729299775,616.2731019466389,71.81855649209336,72.24793290176905,504.41398623518165,504.41398623518165,504.4209061704988,88.68565636095175,88.68565636095175,88.59904927466175,120.80978564386737,120.80978564386737,120.69180733757453,6.690509729299775,6.690509729299775,6.690509729299775,-0.09395306369401624,0.09395306369401624,-187.90612738803264,0.0,0.0,0.0,-0.17519260861202213,0.08759630430601106,-350.38521722404454,0.0,0.0,0.0,0.0,0.0,0.0,0.09395306369401624,False,0.0058917371463661945,1.4045258026500567e-05,0.032635846865743695,False,"{""lens_x_delta_mm"": 0.0, ""lens_y_delta_mm"": 0.0, ""camera_x_delta_mm"": 0.0045, ""camera_y_delta_mm"": 0.0}","{""lens_x_delta_mm"": 0.0, ""lens_y_delta_mm"": 0.0, ""camera_x_delta_mm"": 0.0045, ""camera_y_delta_mm"": 0.0}"
v12_absolute_actuator_limit_camera_x_mm,production_searchsorted,camera_x_mm,x,2.995,2.995,0.004999999999999893,0.0004999999999999996,0.0055,0.005505376344086021,0.058651026392960576,563,515,611,97,0e670c90b951ae09,2.9977526881720435,562.6116833333458,True,5.060326895935879e-07,16728.35337499464,6.690509729299775,616.4453582619898,71.89990371653516,72.329200685562,504.41398623518165,504.41398623518165,504.4209061704988,88.6870109394962,88.6870109394962,88.60040253037559,120.80978564386739,120.80978564386739,120.69180733757453,6.690509729299775,6.690509729299775,6.690509729299775,0.1722563153508645,0.1722563153508645,344.5126307017293,0.0,0.0,0.0,0.0013545785444506464,0.0006772892722253232,2.709157088901295,1.4210854715202004e-14,7.105427357601002e-15,2.842170943040403e-11,0.0,0.0,0.0,0.1722563153508645,False,0.0010263064721085073,2.4449045349942035e-06,0.0074997882347230945,False,"{""lens_x_delta_mm"": 0.0, ""lens_y_delta_mm"": 0.0, ""camera_x_delta_mm"": 0.005, ""camera_y_delta_mm"": 0.0}","{""lens_x_delta_mm"": 0.0, ""lens_y_delta_mm"": 0.0, ""camera_x_delta_mm"": 0.005, ""camera_y_delta_mm"": 0.0}"
v12_absolute_actuator_limit_camera_x_mm,production_searchsorted,camera_x_mm,x,2.9955000000000003,2.9955000000000003,0.00550000000000006,0.0004999999999999996,0.0055,0.005505376344086021,0.058651026392960576,563,515,611,97,75067fa77c5ccf05,2.9982526881720437,562.6202083333458,True,5.019815553715268e-07,16594.43158252981,6.690509729299775,616.8884228560113,72.2520592196476,72.68101228681604,504.41398623518165,504.41398623518165,504.4209061704988,88.94815815669388,88.94815815669388,88.86129472099398,120.80978564386737,120.80978564386737,120.69180733757453,6.690509729299775,6.690509729299775,6.690509729299775,0.4430645940215072,0.4430645940215072,886.1291880430152,0.0,0.0,0.0,0.2611472171976743,0.13057360859883715,522.2944343953491,-1.4210854715202004e-14,7.105427357601002e-15,-2.842170943040403e-11,0.0,0.0,0.0,0.4430645940215072,False,0.008005676916475043,1.9089393640888582e-05,0.05829122846528224,False,"{""lens_x_delta_mm"": 0.0, ""lens_y_delta_mm"": 0.0, ""camera_x_delta_mm"": 0.0055000000000000005, ""camera_y_delta_mm"": 0.0}","{""lens_x_delta_mm"": 0.0, ""lens_y_delta_mm"": 0.0, ""camera_x_delta_mm"": 0.0055000000000000005, ""camera_y_delta_mm"": 0.0}"
v12_absolute_actuator_limit_camera_x_mm,production_searchsorted,camera_x_mm,x,2.996,2.996,0.005999999999999783,0.0004999999999999996,0.0055,0.005505376344086021,0.058651026392960576,563,515,611,97,0029f9c1916154c4,2.998752688172043,562.6287333333457,True,5.016056672437701e-07,16582.00552871967,6.690509729299775,616.8527515979175,72.12547887064477,72.55455555143504,504.41398623518165,504.41398623518165,504.4209061704988,88.86061168366963,88.86061168366963,88.7738337425723,120.80978564386739,120.80978564386739,120.69180733757453,6.690509729299775,6.690509729299775,6.690509729299775,-0.03567125809377103,0.03567125809377103,-71.34251618754212,0.0,0.0,0.0,-0.087546473024247,0.0437732365121235,-175.09294604849416,1.4210854715202004e-14,7.105427357601002e-15,2.842170943040403e-11,0.0,0.0,0.0,0.0437732365121235,False,0.0007488086439320579,1.771226536165635e-06,0.005420599855850097,False,"{""lens_x_delta_mm"": 0.0, ""lens_y_delta_mm"": 0.0, ""camera_x_delta_mm"": 0.005999999999999999, ""camera_y_delta_mm"": 0.0}","{""lens_x_delta_mm"": 0.0, ""lens_y_delta_mm"": 0.0, ""camera_x_delta_mm"": 0.005999999999999999, ""camera_y_delta_mm"": 0.0}"
v12_absolute_actuator_limit_camera_x_mm,production_searchsorted,camera_x_mm,x,2.9965,2.9965,0.00649999999999995,0.0004999999999999996,0.0055,0.005505376344086021,0.058651026392960576,563,515,611,97,ee3f5bc3ecb43193,2.999252688172043,562.6372583333458,True,5.002063992276321e-07,16535.748734797755,6.690509729299775,616.582338814207,71.76415699602518,72.19358653020879,504.41398623518165,504.41398623518165,504.4209061704988,88.71505070280251,88.71505070280251,88.62841491110053,120.80978564386737,120.80978564386737,120.69180733757453,6.690509729299775,6.690509729299775,6.690509729299775,-0.27041278371052613,0.27041278371052613,-540.8255674210527,0.0,0.0,0.0,-0.145560980867117,0.0727804904335585,-291.1219617342342,-1.4210854715202004e-14,7.105427357601002e-15,-2.842170943040403e-11,0.0,0.0,0.0,0.27041278371052613,False,0.002789577764993484,6.5935060417652806e-06,0.01790034552967749,False,"{""lens_x_delta_mm"": 0.0, ""lens_y_delta_mm"": 0.0, ""camera_x_delta_mm"": 0.0065, ""camera_y_delta_mm"": 0.0}","{""lens_x_delta_mm"": 0.0, ""lens_y_delta_mm"": 0.0, ""camera_x_delta_mm"": 0.0065, ""camera_y_delta_mm"": 0.0}"
v12_absolute_actuator_limit_camera_x_mm,production_searchsorted,camera_x_mm,x,2.9970000000000003,2.9970000000000003,0.007000000000000117,0.0004999999999999996,0.0055,0.005505376344086021,0.058651026392960576,563,515,611,97,4192ac3408af9706,2.9997526881720438,562.6457833333458,True,5.001430280133137e-07,16533.65381862194,6.690509729299775,616.6744767197268,71.76538581063585,72.19481414480526,504.41398623518165,504.41398623518165,504.4209061704988,88.72568263494145,88.72568263494145,88.63903646049326,120.80978564386737,120.80978564386737,120.69180733757453,6.690509729299775,6.690509729299775,6.690509729299775,0.09213790551984857,0.09213790551984857,184.2758110396973,0.0,0.0,0.0,0.010631932138934985,0.005315966069467493,21.26386427786999,0.0,0.0,0.0,0.0,0.0,0.0,0.09213790551984857,False,0.0001476080113751798,3.4791621814535816e-07,0.0008862467029075566,False,"{""lens_x_delta_mm"": 0.0, ""lens_y_delta_mm"": 0.0, ""camera_x_delta_mm"": 0.007, ""camera_y_delta_mm"": 0.0}","{""lens_x_delta_mm"": 0.0, ""lens_y_delta_mm"": 0.0, ""camera_x_delta_mm"": 0.007, ""camera_y_delta_mm"": 0.0}"
v12_absolute_actuator_limit_camera_x_mm,production_searchsorted,camera_x_mm,x,2.9975,2.9975,0.00749999999999984,0.0004999999999999996,0.0055,0.005505376344086021,0.058651026392960576,563,515,611,97,fc27af4c0e35fea9,3.0002526881720435,562.6543083333457,True,4.929501471938768e-07,16295.872634508327,6.690509729299775,617.5580506685504,72.55805066855038,72.98670491594447,504.41398623518165,504.41398623518165,504.4209061704988,89.11129631832084,89.11129631832084,89.02427356800997,120.80978564386739,120.80978564386739,120.69180733757453,6.690509729299775,6.690509729299775,6.690509729299775,0.8835739488235959,0.8835739488235959,1767.1478976471933,0.0,0.0,0.0,0.3856136833793897,0.19280684168969486,771.2273667587801,1.4210854715202004e-14,7.105427357601002e-15,2.842170943040403e-11,0.0,0.0,0.0,0.8835739488235959,False,0.014381647681881313,3.389365196208318e-05,0.10260846832430355,False,"{""lens_x_delta_mm"": 0.0, ""lens_y_delta_mm"": 0.0, ""camera_x_delta_mm"": 0.007500000000000001, ""camera_y_delta_mm"": 0.0}","{""lens_x_delta_mm"": 0.0, ""lens_y_delta_mm"": 0.0, ""camera_x_delta_mm"": 0.007500000000000001, ""camera_y_delta_mm"": 0.0}"
v12_absolute_actuator_limit_camera_x_mm,production_searchsorted,camera_x_mm,x,2.998,2.998,0.008000000000000007,0.0004999999999999996,0.0055,0.005505376344086021,0.058651026392960576,563,515,611,97,67311bb7f86078ec,3.000752688172043,562.6628333333458,True,4.943533927540361e-07,16342.260917488798,6.690509729299775,617.9342838247218,72.84337473381265,73.2717503444241,504.41398623518165,504.41398623518165,504.4209061704988,89.12391659278299,89.12391659278299,89.03688151798535,120.80978564386737,120.80978564386737,120.69180733757455,6.690509729299775,6.690509729299775,6.690509729299775,0.3762331561713381,0.3762331561713381,752.4663123426769,0.0,0.0,0.0,0.01262027446215086,0.00631013723107543,25.24054892430174,-1.4210854715202004e-14,7.105427357601002e-15,-2.842170943040403e-11,0.0,0.0,0.0,0.3762331561713381,False,0.00662526808992084,1.5389409582522362e-05,0.03919220958844593,False,"{""lens_x_delta_mm"": 0.0, ""lens_y_delta_mm"": 0.0, ""camera_x_delta_mm"": 0.008, ""camera_y_delta_mm"": 0.0}","{""lens_x_delta_mm"": 0.0, ""lens_y_delta_mm"": 0.0, ""camera_x_delta_mm"": 0.008, ""camera_y_delta_mm"": 0.0}"
v12_absolute_actuator_limit_camera_x_mm,production_searchsorted,camera_x_mm,x,2.9985000000000004,2.9985000000000004,0.008500000000000174,0.0004999999999999996,0.0055,0.005505376344086021,0.058651026392960576,563,515,611,97,d7e4488ec7e47dff,3.0012526881720434,562.6713583333458,True,4.946673258154651e-07,16352.638869932734,6.690509729299775,618.0840676324403,72.90224945062215,73.33056756639297,504.41398623518165,504.41398623518165,504.4209061704988,89.12299997479086,89.12299997479086,89.03596579512798,120.80978564386739,120.80978564386739,120.69180733757453,6.690509729299775,6.690509729299775,6.690509729299775,0.14978380771856337,0.14978380771856337,299.56761543712696,0.0,0.0,0.0,-0.0009166179921322737,0.00045830899606613684,-1.833235984264549,1.4210854715202004e-14,7.105427357601002e-15,2.842170943040403e-11,0.0,0.0,0.0,0.14978380771856337,False,0.0008377855815489774,1.951577947508449e-06,0.005759447861202418,False,"{""lens_x_delta_mm"": 0.0, ""lens_y_delta_mm"": 0.0, ""camera_x_delta_mm"": 0.0085, ""camera_y_delta_mm"": 0.0}","{""lens_x_delta_mm"": 0.0, ""lens_y_delta_mm"": 0.0, ""camera_x_delta_mm"": 0.0085, ""camera_y_delta_mm"": 0.0}"
v12_absolute_actuator_limit_camera_x_mm,production_searchsorted,camera_x_mm,x,2.999,2.999,0.008999999999999897,0.0004999999999999996,0.0055,0.005505376344086021,0.058651026392960576,563,515,611,97,16378b11821a95a4,3.0017526881720435,562.6798833333459,True,4.945342082402199e-07,16348.238288932891,6.690509729299775,618.1712214229468,72.8984941502195,73.3268159332759,504.41398623518165,504.41398623518165,504.4209061704988,89.12865870990545,89.12865870990545,89.04161900413405,120.80978564386737,120.80978564386737,120.69180733757453,6.690509729299775,6.690509729299775,6.690509729299775,0.08715379050647698,0.08715379050647698,174.3075810129541,0.0,0.0,0.0,0.005658735114593583,0.0028293675572967913,11.317470229187174,-1.4210854715202004e-14,7.105427357601002e-15,-2.842170943040403e-11,0.0,0.0,0.0,0.08715379050647698,False,0.0002691052517482806,6.272647745262074e-07,0.0017158273742642633,False,"{""lens_x_delta_mm"": 0.0, ""lens_y_delta_mm"": 0.0, ""camera_x_delta_mm"": 0.009000000000000001, ""camera_y_delta_mm"": 0.0}","{""lens_x_delta_mm"": 0.0, ""lens_y_delta_mm"": 0.0, ""camera_x_delta_mm"": 0.009000000000000001, ""camera_y_delta_mm"": 0.0}"
v12_absolute_actuator_limit_camera_x_mm,production_searchsorted,camera_x_mm,x,2.9995000000000003,2.9995000000000003,0.009500000000000064,0.0004999999999999996,0.0055,0.005505376344086021,0.058651026392960576,563,515,611,97,448dae94210d1a14,3.0022526881720437,562.6884083333458,True,4.890676998968507e-07,16167.52726931738,6.690509729299775,618.8625329626929,73.49889659905637,73.92663205159653,504.41398623518165,504.41398623518165,504.4209061704988,89.33603674648128,89.33603674648128,89.24879452309604,120.80978564386737,120.80978564386737,120.69180733757453,6.690509729299775,6.690509729299775,6.690509729299775,0.6913115397460388,0.6913115397460388,1382.6230794920787,0.0,0.0,0.0,0.20737803657583243,0.10368901828791621,414.7560731516652,0.0,0.0,0.0,0.0,0.0,0.0,0.6913115397460388,False,0.011053852801854988,2.575879343604789e-05,0.06416113049127452,False,"{""lens_x_delta_mm"": 0.0, ""lens_y_delta_mm"": 0.0, ""camera_x_delta_mm"": 0.009500000000000001, ""camera_y_delta_mm"": 0.0}","{""lens_x_delta_mm"": 0.0, ""lens_y_delta_mm"": 0.0, ""camera_x_delta_mm"": 0.009500000000000001, ""camera_y_delta_mm"": 0.0}"
v12_absolute_actuator_limit_camera_x_mm,production_searchsorted,camera_x_mm,x,3.0,3.0,0.009999999999999787,0.0004999999999999996,0.0055,0.005505376344086021,0.058651026392960576,563,515,611,97,6f0760c0f45add6c,3.0027526881720434,562.6969333333458,True,4.887165821264637e-07,16155.92007029632,6.690509729299775,618.7640037582121,73.3094583036667,73.73737875454191,504.41398623518165,504.41398623518165,504.4209061704988,89.16143497636992,89.16143497636992,89.0743632625258,120.80978564386739,120.80978564386739,120.69180733757453,6.690509729299775,6.690509729299775,6.690509729299775,-0.0985292044807693,0.0985292044807693,-197.05840896153876,0.0,0.0,0.0,-0.1746017701113658,0.0873008850556829,-349.2035402227319,1.4210854715202004e-14,7.105427357601002e-15,2.842170943040403e-11,0.0,0.0,0.0,0.0985292044807693,False,0.006094600455664516,1.4045258026500567e-05,0.033789073312488906,False,"{""lens_x_delta_mm"": 0.0, ""lens_y_delta_mm"": 0.0, ""camera_x_delta_mm"": 0.009999999999999998, ""camera_y_delta_mm"": 0.0}","{""lens_x_delta_mm"": 0.0, ""lens_y_delta_mm"": 0.0, ""camera_x_delta_mm"": 0.009999999999999787, ""camera_y_delta_mm"": 0.0}"
v12_absolute_actuator_limit_camera_x_mm,production_searchsorted,camera_x_mm,x,3.0005,3.0,0.009999999999999787,0.0004999999999999996,0.0055,0.005505376344086021,0.058651026392960576,563,515,611,97,6f0760c0f45add6c,3.0027526881720434,562.6969333333458,False,4.887165821264637e-07,16155.92007029632,6.690509729299775,618.7640037582121,73.3094583036667,73.73737875454191,504.41398623518165,504.41398623518165,504.4209061704988,89.16143497636992,89.16143497636992,89.0743632625258,120.80978564386739,120.80978564386739,120.69180733757453,6.690509729299775,6.690509729299775,6.690509729299775,0.0,0.0,0.0,0.0,0.0,0.0,0.0,0.0,0.0,0.0,0.0,0.0,0.0,0.0,0.0,0.0,True,0.0,0.0,0.0,True,"{""lens_x_delta_mm"": 0.0, ""lens_y_delta_mm"": 0.0, ""camera_x_delta_mm"": 0.010499999999999999, ""camera_y_delta_mm"": 0.0}","{""lens_x_delta_mm"": 0.0, ""lens_y_delta_mm"": 0.0, ""camera_x_delta_mm"": 0.009999999999999787, ""camera_y_delta_mm"": 0.0}"
v12_absolute_actuator_limit_camera_x_mm,production_searchsorted,camera_x_mm,x,3.0010000000000003,3.0,0.009999999999999787,0.0004999999999999996,0.0055,0.005505376344086021,0.058651026392960576,563,515,611,97,6f0760c0f45add6c,3.0027526881720434,562.6969333333458,False,4.887165821264637e-07,16155.92007029632,6.690509729299775,618.7640037582121,73.3094583036667,73.73737875454191,504.41398623518165,504.41398623518165,504.4209061704988,89.16143497636992,89.16143497636992,89.0743632625258,120.80978564386739,120.80978564386739,120.69180733757453,6.690509729299775,6.690509729299775,6.690509729299775,0.0,0.0,0.0,0.0,0.0,0.0,0.0,0.0,0.0,0.0,0.0,0.0,0.0,0.0,0.0,0.0,True,0.0,0.0,0.0,True,"{""lens_x_delta_mm"": 0.0, ""lens_y_delta_mm"": 0.0, ""camera_x_delta_mm"": 0.011, ""camera_y_delta_mm"": 0.0}","{""lens_x_delta_mm"": 0.0, ""lens_y_delta_mm"": 0.0, ""camera_x_delta_mm"": 0.009999999999999787, ""camera_y_delta_mm"": 0.0}"
v12_absolute_actuator_limit_camera_x_mm,production_searchsorted,camera_x_mm,x,3.0015,3.0,0.009999999999999787,0.0004999999999999996,0.0055,0.005505376344086021,0.058651026392960576,563,515,611,97,6f0760c0f45add6c,3.0027526881720434,562.6969333333458,False,4.887165821264637e-07,16155.92007029632,6.690509729299775,618.7640037582121,73.3094583036667,73.73737875454191,504.41398623518165,504.41398623518165,504.4209061704988,89.16143497636992,89.16143497636992,89.0743632625258,120.80978564386739,120.80978564386739,120.69180733757453,6.690509729299775,6.690509729299775,6.690509729299775,0.0,0.0,0.0,0.0,0.0,0.0,0.0,0.0,0.0,0.0,0.0,0.0,0.0,0.0,0.0,0.0,True,0.0,0.0,0.0,True,"{""lens_x_delta_mm"": 0.0, ""lens_y_delta_mm"": 0.0, ""camera_x_delta_mm"": 0.0115, ""camera_y_delta_mm"": 0.0}","{""lens_x_delta_mm"": 0.0, ""lens_y_delta_mm"": 0.0, ""camera_x_delta_mm"": 0.009999999999999787, ""camera_y_delta_mm"": 0.0}"
v12_absolute_actuator_limit_camera_x_mm,production_searchsorted,camera_x_mm,x,3.0020000000000002,3.0,0.009999999999999787,0.0004999999999999996,0.0055,0.005505376344086021,0.058651026392960576,563,515,611,97,6f0760c0f45add6c,3.0027526881720434,562.6969333333458,False,4.887165821264637e-07,16155.92007029632,6.690509729299775,618.7640037582121,73.3094583036667,73.73737875454191,504.41398623518165,504.41398623518165,504.4209061704988,89.16143497636992,89.16143497636992,89.0743632625258,120.80978564386739,120.80978564386739,120.69180733757453,6.690509729299775,6.690509729299775,6.690509729299775,0.0,0.0,0.0,0.0,0.0,0.0,0.0,0.0,0.0,0.0,0.0,0.0,0.0,0.0,0.0,0.0,True,0.0,0.0,0.0,True,"{""lens_x_delta_mm"": 0.0, ""lens_y_delta_mm"": 0.0, ""camera_x_delta_mm"": 0.012, ""camera_y_delta_mm"": 0.0}","{""lens_x_delta_mm"": 0.0, ""lens_y_delta_mm"": 0.0, ""camera_x_delta_mm"": 0.009999999999999787, ""camera_y_delta_mm"": 0.0}"
v12_absolute_actuator_limit_camera_x_mm,production_searchsorted,camera_x_mm,x,3.0025000000000004,3.0,0.009999999999999787,0.0004999999999999996,0.0055,0.005505376344086021,0.058651026392960576,563,515,611,97,6f0760c0f45add6c,3.0027526881720434,562.6969333333458,False,4.887165821264637e-07,16155.92007029632,6.690509729299775,618.7640037582121,73.3094583036667,73.73737875454191,504.41398623518165,504.41398623518165,504.4209061704988,89.16143497636992,89.16143497636992,89.0743632625258,120.80978564386739,120.80978564386739,120.69180733757453,6.690509729299775,6.690509729299775,6.690509729299775,0.0,0.0,0.0,0.0,0.0,0.0,0.0,0.0,0.0,0.0,0.0,0.0,0.0,0.0,0.0,0.0,True,0.0,0.0,0.0,True,"{""lens_x_delta_mm"": 0.0, ""lens_y_delta_mm"": 0.0, ""camera_x_delta_mm"": 0.0125, ""camera_y_delta_mm"": 0.0}","{""lens_x_delta_mm"": 0.0, ""lens_y_delta_mm"": 0.0, ""camera_x_delta_mm"": 0.009999999999999787, ""camera_y_delta_mm"": 0.0}"
v12_absolute_actuator_limit_camera_x_mm,production_searchsorted,camera_x_mm,x,3.003,3.0,0.009999999999999787,0.0004999999999999996,0.0055,0.005505376344086021,0.058651026392960576,563,515,611,97,6f0760c0f45add6c,3.0027526881720434,562.6969333333458,False,4.887165821264637e-07,16155.92007029632,6.690509729299775,618.7640037582121,73.3094583036667,73.73737875454191,504.41398623518165,504.41398623518165,504.4209061704988,89.16143497636992,89.16143497636992,89.0743632625258,120.80978564386739,120.80978564386739,120.69180733757453,6.690509729299775,6.690509729299775,6.690509729299775,0.0,0.0,0.0,0.0,0.0,0.0,0.0,0.0,0.0,0.0,0.0,0.0,0.0,0.0,0.0,0.0,True,0.0,0.0,0.0,True,"{""lens_x_delta_mm"": 0.0, ""lens_y_delta_mm"": 0.0, ""camera_x_delta_mm"": 0.013000000000000001, ""camera_y_delta_mm"": 0.0}","{""lens_x_delta_mm"": 0.0, ""lens_y_delta_mm"": 0.0, ""camera_x_delta_mm"": 0.009999999999999787, ""camera_y_delta_mm"": 0.0}"
v12_absolute_actuator_limit_camera_x_mm,production_searchsorted,camera_x_mm,x,3.0035000000000003,3.0,0.009999999999999787,0.0004999999999999996,0.0055,0.005505376344086021,0.058651026392960576,563,515,611,97,6f0760c0f45add6c,3.0027526881720434,562.6969333333458,False,4.887165821264637e-07,16155.92007029632,6.690509729299775,618.7640037582121,73.3094583036667,73.73737875454191,504.41398623518165,504.41398623518165,504.4209061704988,89.16143497636992,89.16143497636992,89.0743632625258,120.80978564386739,120.80978564386739,120.69180733757453,6.690509729299775,6.690509729299775,6.690509729299775,0.0,0.0,0.0,0.0,0.0,0.0,0.0,0.0,0.0,0.0,0.0,0.0,0.0,0.0,0.0,0.0,True,0.0,0.0,0.0,True,"{""lens_x_delta_mm"": 0.0, ""lens_y_delta_mm"": 0.0, ""camera_x_delta_mm"": 0.013499999999999998, ""camera_y_delta_mm"": 0.0}","{""lens_x_delta_mm"": 0.0, ""lens_y_delta_mm"": 0.0, ""camera_x_delta_mm"": 0.009999999999999787, ""camera_y_delta_mm"": 0.0}"
v12_absolute_actuator_limit_camera_x_mm,production_searchsorted,camera_x_mm,x,3.004,3.0,0.009999999999999787,0.0004999999999999996,0.0055,0.005505376344086021,0.058651026392960576,563,515,611,97,6f0760c0f45add6c,3.0027526881720434,562.6969333333458,False,4.887165821264637e-07,16155.92007029632,6.690509729299775,618.7640037582121,73.3094583036667,73.73737875454191,504.41398623518165,504.41398623518165,504.4209061704988,89.16143497636992,89.16143497636992,89.0743632625258,120.80978564386739,120.80978564386739,120.69180733757453,6.690509729299775,6.690509729299775,6.690509729299775,0.0,0.0,0.0,0.0,0.0,0.0,0.0,0.0,0.0,0.0,0.0,0.0,0.0,0.0,0.0,0.0,True,0.0,0.0,0.0,True,"{""lens_x_delta_mm"": 0.0, ""lens_y_delta_mm"": 0.0, ""camera_x_delta_mm"": 0.013999999999999999, ""camera_y_delta_mm"": 0.0}","{""lens_x_delta_mm"": 0.0, ""lens_y_delta_mm"": 0.0, ""camera_x_delta_mm"": 0.009999999999999787, ""camera_y_delta_mm"": 0.0}"
v12_absolute_actuator_limit_camera_x_mm,production_searchsorted,camera_x_mm,x,3.0045,3.0,0.009999999999999787,0.0004999999999999996,0.0055,0.005505376344086021,0.058651026392960576,563,515,611,97,6f0760c0f45add6c,3.0027526881720434,562.6969333333458,False,4.887165821264637e-07,16155.92007029632,6.690509729299775,618.7640037582121,73.3094583036667,73.73737875454191,504.41398623518165,504.41398623518165,504.4209061704988,89.16143497636992,89.16143497636992,89.0743632625258,120.80978564386739,120.80978564386739,120.69180733757453,6.690509729299775,6.690509729299775,6.690509729299775,0.0,0.0,0.0,0.0,0.0,0.0,0.0,0.0,0.0,0.0,0.0,0.0,0.0,0.0,0.0,0.0,True,0.0,0.0,0.0,True,"{""lens_x_delta_mm"": 0.0, ""lens_y_delta_mm"": 0.0, ""camera_x_delta_mm"": 0.014499999999999999, ""camera_y_delta_mm"": 0.0}","{""lens_x_delta_mm"": 0.0, ""lens_y_delta_mm"": 0.0, ""camera_x_delta_mm"": 0.009999999999999787, ""camera_y_delta_mm"": 0.0}"
v12_absolute_actuator_limit_camera_x_mm,production_searchsorted,camera_x_mm,x,3.0050000000000003,3.0,0.009999999999999787,0.0004999999999999996,0.0055,0.005505376344086021,0.058651026392960576,563,515,611,97,6f0760c0f45add6c,3.0027526881720434,562.6969333333458,False,4.887165821264637e-07,16155.92007029632,6.690509729299775,618.7640037582121,73.3094583036667,73.73737875454191,504.41398623518165,504.41398623518165,504.4209061704988,89.16143497636992,89.16143497636992,89.0743632625258,120.80978564386739,120.80978564386739,120.69180733757453,6.690509729299775,6.690509729299775,6.690509729299775,0.0,0.0,0.0,0.0,0.0,0.0,0.0,0.0,0.0,0.0,0.0,0.0,0.0,0.0,0.0,0.0,True,0.0,0.0,0.0,True,"{""lens_x_delta_mm"": 0.0, ""lens_y_delta_mm"": 0.0, ""camera_x_delta_mm"": 0.015, ""camera_y_delta_mm"": 0.0}","{""lens_x_delta_mm"": 0.0, ""lens_y_delta_mm"": 0.0, ""camera_x_delta_mm"": 0.009999999999999787, ""camera_y_delta_mm"": 0.0}"
v12_absolute_actuator_limit_camera_x_mm,production_searchsorted,camera_x_mm,x,3.0055,3.0,0.009999999999999787,0.0004999999999999996,0.0055,0.005505376344086021,0.058651026392960576,563,515,611,97,6f0760c0f45add6c,3.0027526881720434,562.6969333333458,False,4.887165821264637e-07,16155.92007029632,6.690509729299775,618.7640037582121,73.3094583036667,73.73737875454191,504.41398623518165,504.41398623518165,504.4209061704988,89.16143497636992,89.16143497636992,89.0743632625258,120.80978564386739,120.80978564386739,120.69180733757453,6.690509729299775,6.690509729299775,6.690509729299775,0.0,0.0,0.0,0.0,0.0,0.0,0.0,0.0,0.0,0.0,0.0,0.0,0.0,0.0,0.0,0.0,True,0.0,0.0,0.0,True,"{""lens_x_delta_mm"": 0.0, ""lens_y_delta_mm"": 0.0, ""camera_x_delta_mm"": 0.0155, ""camera_y_delta_mm"": 0.0}","{""lens_x_delta_mm"": 0.0, ""lens_y_delta_mm"": 0.0, ""camera_x_delta_mm"": 0.009999999999999787, ""camera_y_delta_mm"": 0.0}"
v12_absolute_actuator_limit_camera_x_mm,production_searchsorted,camera_x_mm,x,3.0060000000000002,3.0,0.009999999999999787,0.0004999999999999996,0.0055,0.005505376344086021,0.058651026392960576,563,515,611,97,6f0760c0f45add6c,3.0027526881720434,562.6969333333458,False,4.887165821264637e-07,16155.92007029632,6.690509729299775,618.7640037582121,73.3094583036667,73.73737875454191,504.41398623518165,504.41398623518165,504.4209061704988,89.16143497636992,89.16143497636992,89.0743632625258,120.80978564386739,120.80978564386739,120.69180733757453,6.690509729299775,6.690509729299775,6.690509729299775,0.0,0.0,0.0,0.0,0.0,0.0,0.0,0.0,0.0,0.0,0.0,0.0,0.0,0.0,0.0,0.0,True,0.0,0.0,0.0,True,"{""lens_x_delta_mm"": 0.0, ""lens_y_delta_mm"": 0.0, ""camera_x_delta_mm"": 0.016, ""camera_y_delta_mm"": 0.0}","{""lens_x_delta_mm"": 0.0, ""lens_y_delta_mm"": 0.0, ""camera_x_delta_mm"": 0.009999999999999787, ""camera_y_delta_mm"": 0.0}"
v12_absolute_actuator_limit_camera_x_mm,production_searchsorted,camera_x_mm,x,3.0065000000000004,3.0,0.009999999999999787,0.0004999999999999996,0.0055,0.005505376344086021,0.058651026392960576,563,515,611,97,6f0760c0f45add6c,3.0027526881720434,562.6969333333458,False,4.887165821264637e-07,16155.92007029632,6.690509729299775,618.7640037582121,73.3094583036667,73.73737875454191,504.41398623518165,504.41398623518165,504.4209061704988,89.16143497636992,89.16143497636992,89.0743632625258,120.80978564386739,120.80978564386739,120.69180733757453,6.690509729299775,6.690509729299775,6.690509729299775,0.0,0.0,0.0,0.0,0.0,0.0,0.0,0.0,0.0,0.0,0.0,0.0,0.0,0.0,0.0,0.0,True,0.0,0.0,0.0,True,"{""lens_x_delta_mm"": 0.0, ""lens_y_delta_mm"": 0.0, ""camera_x_delta_mm"": 0.0165, ""camera_y_delta_mm"": 0.0}","{""lens_x_delta_mm"": 0.0, ""lens_y_delta_mm"": 0.0, ""camera_x_delta_mm"": 0.009999999999999787, ""camera_y_delta_mm"": 0.0}"
v12_absolute_actuator_limit_camera_x_mm,production_searchsorted,camera_x_mm,x,3.007,3.0,0.009999999999999787,0.0004999999999999996,0.0055,0.005505376344086021,0.058651026392960576,563,515,611,97,6f0760c0f45add6c,3.0027526881720434,562.6969333333458,False,4.887165821264637e-07,16155.92007029632,6.690509729299775,618.7640037582121,73.3094583036667,73.73737875454191,504.41398623518165,504.41398623518165,504.4209061704988,89.16143497636992,89.16143497636992,89.0743632625258,120.80978564386739,120.80978564386739,120.69180733757453,6.690509729299775,6.690509729299775,6.690509729299775,0.0,0.0,0.0,0.0,0.0,0.0,0.0,0.0,0.0,0.0,0.0,0.0,0.0,0.0,0.0,0.0,True,0.0,0.0,0.0,True,"{""lens_x_delta_mm"": 0.0, ""lens_y_delta_mm"": 0.0, ""camera_x_delta_mm"": 0.016999999999999998, ""camera_y_delta_mm"": 0.0}","{""lens_x_delta_mm"": 0.0, ""lens_y_delta_mm"": 0.0, ""camera_x_delta_mm"": 0.009999999999999787, ""camera_y_delta_mm"": 0.0}"
v12_absolute_actuator_limit_camera_x_mm,production_searchsorted,camera_x_mm,x,3.0075000000000003,3.0,0.009999999999999787,0.0004999999999999996,0.0055,0.005505376344086021,0.058651026392960576,563,515,611,97,6f0760c0f45add6c,3.0027526881720434,562.6969333333458,False,4.887165821264637e-07,16155.92007029632,6.690509729299775,618.7640037582121,73.3094583036667,73.73737875454191,504.41398623518165,504.41398623518165,504.4209061704988,89.16143497636992,89.16143497636992,89.0743632625258,120.80978564386739,120.80978564386739,120.69180733757453,6.690509729299775,6.690509729299775,6.690509729299775,0.0,0.0,0.0,0.0,0.0,0.0,0.0,0.0,0.0,0.0,0.0,0.0,0.0,0.0,0.0,0.0,True,0.0,0.0,0.0,True,"{""lens_x_delta_mm"": 0.0, ""lens_y_delta_mm"": 0.0, ""camera_x_delta_mm"": 0.017499999999999998, ""camera_y_delta_mm"": 0.0}","{""lens_x_delta_mm"": 0.0, ""lens_y_delta_mm"": 0.0, ""camera_x_delta_mm"": 0.009999999999999787, ""camera_y_delta_mm"": 0.0}"
v12_absolute_actuator_limit_camera_x_mm,production_searchsorted,camera_x_mm,x,3.008,3.0,0.009999999999999787,0.0004999999999999996,0.0055,0.005505376344086021,0.058651026392960576,563,515,611,97,6f0760c0f45add6c,3.0027526881720434,562.6969333333458,False,4.887165821264637e-07,16155.92007029632,6.690509729299775,618.7640037582121,73.3094583036667,73.73737875454191,504.41398623518165,504.41398623518165,504.4209061704988,89.16143497636992,89.16143497636992,89.0743632625258,120.80978564386739,120.80978564386739,120.69180733757453,6.690509729299775,6.690509729299775,6.690509729299775,0.0,0.0,0.0,0.0,0.0,0.0,0.0,0.0,0.0,0.0,0.0,0.0,0.0,0.0,0.0,0.0,True,0.0,0.0,0.0,True,"{""lens_x_delta_mm"": 0.0, ""lens_y_delta_mm"": 0.0, ""camera_x_delta_mm"": 0.018, ""camera_y_delta_mm"": 0.0}","{""lens_x_delta_mm"": 0.0, ""lens_y_delta_mm"": 0.0, ""camera_x_delta_mm"": 0.009999999999999787, ""camera_y_delta_mm"": 0.0}"
v12_absolute_actuator_limit_camera_x_mm,production_searchsorted,camera_x_mm,x,3.0085,3.0,0.009999999999999787,0.0004999999999999996,0.0055,0.005505376344086021,0.058651026392960576,563,515,611,97,6f0760c0f45add6c,3.0027526881720434,562.6969333333458,False,4.887165821264637e-07,16155.92007029632,6.690509729299775,618.7640037582121,73.3094583036667,73.73737875454191,504.41398623518165,504.41398623518165,504.4209061704988,89.16143497636992,89.16143497636992,89.0743632625258,120.80978564386739,120.80978564386739,120.69180733757453,6.690509729299775,6.690509729299775,6.690509729299775,0.0,0.0,0.0,0.0,0.0,0.0,0.0,0.0,0.0,0.0,0.0,0.0,0.0,0.0,0.0,0.0,True,0.0,0.0,0.0,True,"{""lens_x_delta_mm"": 0.0, ""lens_y_delta_mm"": 0.0, ""camera_x_delta_mm"": 0.0185, ""camera_y_delta_mm"": 0.0}","{""lens_x_delta_mm"": 0.0, ""lens_y_delta_mm"": 0.0, ""camera_x_delta_mm"": 0.009999999999999787, ""camera_y_delta_mm"": 0.0}"
v12_absolute_actuator_limit_camera_x_mm,production_searchsorted,camera_x_mm,x,3.0090000000000003,3.0,0.009999999999999787,0.0004999999999999996,0.0055,0.005505376344086021,0.058651026392960576,563,515,611,97,6f0760c0f45add6c,3.0027526881720434,562.6969333333458,False,4.887165821264637e-07,16155.92007029632,6.690509729299775,618.7640037582121,73.3094583036667,73.73737875454191,504.41398623518165,504.41398623518165,504.4209061704988,89.16143497636992,89.16143497636992,89.0743632625258,120.80978564386739,120.80978564386739,120.69180733757453,6.690509729299775,6.690509729299775,6.690509729299775,0.0,0.0,0.0,0.0,0.0,0.0,0.0,0.0,0.0,0.0,0.0,0.0,0.0,0.0,0.0,0.0,True,0.0,0.0,0.0,True,"{""lens_x_delta_mm"": 0.0, ""lens_y_delta_mm"": 0.0, ""camera_x_delta_mm"": 0.019, ""camera_y_delta_mm"": 0.0}","{""lens_x_delta_mm"": 0.0, ""lens_y_delta_mm"": 0.0, ""camera_x_delta_mm"": 0.009999999999999787, ""camera_y_delta_mm"": 0.0}"
v12_absolute_actuator_limit_camera_x_mm,production_searchsorted,camera_x_mm,x,3.0095,3.0,0.009999999999999787,0.0004999999999999996,0.0055,0.005505376344086021,0.058651026392960576,563,515,611,97,6f0760c0f45add6c,3.0027526881720434,562.6969333333458,False,4.887165821264637e-07,16155.92007029632,6.690509729299775,618.7640037582121,73.3094583036667,73.73737875454191,504.41398623518165,504.41398623518165,504.4209061704988,89.16143497636992,89.16143497636992,89.0743632625258,120.80978564386739,120.80978564386739,120.69180733757453,6.690509729299775,6.690509729299775,6.690509729299775,0.0,0.0,0.0,0.0,0.0,0.0,0.0,0.0,0.0,0.0,0.0,0.0,0.0,0.0,0.0,0.0,True,0.0,0.0,0.0,True,"{""lens_x_delta_mm"": 0.0, ""lens_y_delta_mm"": 0.0, ""camera_x_delta_mm"": 0.0195, ""camera_y_delta_mm"": 0.0}","{""lens_x_delta_mm"": 0.0, ""lens_y_delta_mm"": 0.0, ""camera_x_delta_mm"": 0.009999999999999787, ""camera_y_delta_mm"": 0.0}"
v12_absolute_actuator_limit_camera_x_mm,production_searchsorted,camera_x_mm,x,3.0100000000000002,3.0,0.009999999999999787,0.0004999999999999996,0.0055,0.005505376344086021,0.058651026392960576,563,515,611,97,6f0760c0f45add6c,3.0027526881720434,562.6969333333458,False,4.887165821264637e-07,16155.92007029632,6.690509729299775,618.7640037582121,73.3094583036667,73.73737875454191,504.41398623518165,504.41398623518165,504.4209061704988,89.16143497636992,89.16143497636992,89.0743632625258,120.80978564386739,120.80978564386739,120.69180733757453,6.690509729299775,6.690509729299775,6.690509729299775,0.0,0.0,0.0,0.0,0.0,0.0,0.0,0.0,0.0,0.0,0.0,0.0,0.0,0.0,0.0,0.0,True,0.0,0.0,0.0,True,"{""lens_x_delta_mm"": 0.0, ""lens_y_delta_mm"": 0.0, ""camera_x_delta_mm"": 0.02, ""camera_y_delta_mm"": 0.0}","{""lens_x_delta_mm"": 0.0, ""lens_y_delta_mm"": 0.0, ""camera_x_delta_mm"": 0.009999999999999787, ""camera_y_delta_mm"": 0.0}"
