episode_id,setup_id,setup_hash,arm,beam_width_quartile,boundary_status,direction,k,amplitude,width_ratio,strict_success,final_normalized_target_distance,control_steps,saturation_count,constraint_violation_count,all_diagnostic_decisions_correct,any_diagnostic_decision_wrong
v12_mpcdiag_reflsig_iid_20260801_00_0000__secondary_reflection_width_relative__no_diagnosis,v12_mpcdiag_reflsig_iid_20260801_00_0000,64fd170b88574b8dada1a6043bfce2c20eb5cb11d5832ab2e9c0c2140364c03a,no_diagnosis,Q3,non_boundary,west,2.75,0.5,0.8,False,40.23905710218219,4,0,0,,
v12_mpcdiag_reflsig_iid_20260801_00_0000__secondary_reflection_width_relative__oracle_diagnosis,v12_mpcdiag_reflsig_iid_20260801_00_0000,64fd170b88574b8dada1a6043bfce2c20eb5cb11d5832ab2e9c0c2140364c03a,oracle_diagnosis,Q3,non_boundary,west,2.75,0.5,0.8,True,0.9792989519634148,1,0,0,True,False
v12_mpcdiag_reflsig_iid_20260801_00_0000__secondary_reflection_width_relative__learned_image_diagnostic,v12_mpcdiag_reflsig_iid_20260801_00_0000,64fd170b88574b8dada1a6043bfce2c20eb5cb11d5832ab2e9c0c2140364c03a,learned_image_diagnostic,Q3,non_boundary,west,2.75,0.5,0.8,True,0.9792989519634148,1,0,0,True,False
v12_mpcdiag_reflsig_iid_20260801_00_0001__secondary_reflection_width_relative__no_diagnosis,v12_mpcdiag_reflsig_iid_20260801_00_0001,bc6cc5fc1b2fa645a690bfe1a506bb0df7ebb74915a7779377967adec44217b5,no_diagnosis,Q3,non_boundary,north_east,2.25,0.4,0.8,False,26.789908579613893,4,0,0,,
v12_mpcdiag_reflsig_iid_20260801_00_0001__secondary_reflection_width_relative__oracle_diagnosis,v12_mpcdiag_reflsig_iid_20260801_00_0001,bc6cc5fc1b2fa645a690bfe1a506bb0df7ebb74915a7779377967adec44217b5,oracle_diagnosis,Q3,non_boundary,north_east,2.25,0.4,0.8,True,0.4328555808129977,3,0,0,True,False
v12_mpcdiag_reflsig_iid_20260801_00_0001__secondary_reflection_width_relative__learned_image_diagnostic,v12_mpcdiag_reflsig_iid_20260801_00_0001,bc6cc5fc1b2fa645a690bfe1a506bb0df7ebb74915a7779377967adec44217b5,learned_image_diagnostic,Q3,non_boundary,north_east,2.25,0.4,0.8,True,0.4328555808129977,3,0,0,True,False
v12_mpcdiag_reflsig_iid_20260801_00_0002__secondary_reflection_width_relative__no_diagnosis,v12_mpcdiag_reflsig_iid_20260801_00_0002,7ae83de5284f97653abc0ee39aa334d03c1fb15e6de3a5e2677efed743d91bde,no_diagnosis,Q3,non_boundary,north_west,2.25,0.5,0.8,False,24.742011611541557,4,0,0,,
v12_mpcdiag_reflsig_iid_20260801_00_0002__secondary_reflection_width_relative__oracle_diagnosis,v12_mpcdiag_reflsig_iid_20260801_00_0002,7ae83de5284f97653abc0ee39aa334d03c1fb15e6de3a5e2677efed743d91bde,oracle_diagnosis,Q3,non_boundary,north_west,2.25,0.5,0.8,True,0.756842599829838,1,0,0,True,False
v12_mpcdiag_reflsig_iid_20260801_00_0002__secondary_reflection_width_relative__learned_image_diagnostic,v12_mpcdiag_reflsig_iid_20260801_00_0002,7ae83de5284f97653abc0ee39aa334d03c1fb15e6de3a5e2677efed743d91bde,learned_image_diagnostic,Q3,non_boundary,north_west,2.25,0.5,0.8,True,0.756842599829838,1,0,0,True,False
v12_mpcdiag_reflsig_iid_20260801_00_0003__secondary_reflection_width_relative__no_diagnosis,v12_mpcdiag_reflsig_iid_20260801_00_0003,8b3a59b809eb4cb0fab09d5f44e1a49aa3d0f16b704c98bed98bfee230827613,no_diagnosis,Q1,non_boundary,north_west,2.75,0.4,1.0,False,3.288304794334863,2,0,0,,
v12_mpcdiag_reflsig_iid_20260801_00_0003__secondary_reflection_width_relative__oracle_diagnosis,v12_mpcdiag_reflsig_iid_20260801_00_0003,8b3a59b809eb4cb0fab09d5f44e1a49aa3d0f16b704c98bed98bfee230827613,oracle_diagnosis,Q1,non_boundary,north_west,2.75,0.4,1.0,True,0.2777108686269685,1,0,0,True,False
v12_mpcdiag_reflsig_iid_20260801_00_0003__secondary_reflection_width_relative__learned_image_diagnostic,v12_mpcdiag_reflsig_iid_20260801_00_0003,8b3a59b809eb4cb0fab09d5f44e1a49aa3d0f16b704c98bed98bfee230827613,learned_image_diagnostic,Q1,non_boundary,north_west,2.75,0.4,1.0,False,3.288304794334863,2,0,0,False,True
v12_mpcdiag_reflsig_iid_20260801_00_0004__secondary_reflection_width_relative__no_diagnosis,v12_mpcdiag_reflsig_iid_20260801_00_0004,309c11ac181ede9e35c1e8da10761642b2835cce2830389a3de4d76fefa4fdb1,no_diagnosis,Q4,non_boundary,south,2.25,0.4,1.0,False,81.5453574945767,4,0,0,,
v12_mpcdiag_reflsig_iid_20260801_00_0004__secondary_reflection_width_relative__oracle_diagnosis,v12_mpcdiag_reflsig_iid_20260801_00_0004,309c11ac181ede9e35c1e8da10761642b2835cce2830389a3de4d76fefa4fdb1,oracle_diagnosis,Q4,non_boundary,south,2.25,0.4,1.0,True,0.5118882541906942,2,0,0,True,False
v12_mpcdiag_reflsig_iid_20260801_00_0004__secondary_reflection_width_relative__learned_image_diagnostic,v12_mpcdiag_reflsig_iid_20260801_00_0004,309c11ac181ede9e35c1e8da10761642b2835cce2830389a3de4d76fefa4fdb1,learned_image_diagnostic,Q4,non_boundary,south,2.25,0.4,1.0,True,0.5118882541906942,2,0,0,True,False
v12_mpcdiag_reflsig_iid_20260801_00_0005__secondary_reflection_width_relative__no_diagnosis,v12_mpcdiag_reflsig_iid_20260801_00_0005,e86768783f21c450c14d991de60da9c0052822ac78c8cbfac8236ff7b8bb81dd,no_diagnosis,Q4,non_boundary,north_west,2.25,0.4,1.0,False,37.433571636080046,4,0,0,,
v12_mpcdiag_reflsig_iid_20260801_00_0005__secondary_reflection_width_relative__oracle_diagnosis,v12_mpcdiag_reflsig_iid_20260801_00_0005,e86768783f21c450c14d991de60da9c0052822ac78c8cbfac8236ff7b8bb81dd,oracle_diagnosis,Q4,non_boundary,north_west,2.25,0.4,1.0,True,0.9468110166601491,2,0,0,True,False
v12_mpcdiag_reflsig_iid_20260801_00_0005__secondary_reflection_width_relative__learned_image_diagnostic,v12_mpcdiag_reflsig_iid_20260801_00_0005,e86768783f21c450c14d991de60da9c0052822ac78c8cbfac8236ff7b8bb81dd,learned_image_diagnostic,Q4,non_boundary,north_west,2.25,0.4,1.0,True,0.9468110166601491,2,0,0,True,False
v12_mpcdiag_reflsig_iid_20260801_00_0006__secondary_reflection_width_relative__no_diagnosis,v12_mpcdiag_reflsig_iid_20260801_00_0006,f6ca7add6b59c95242265c4f6c4c33a412d6a98dc567da68d5bf6ca340168301,no_diagnosis,Q4,non_boundary,north_east,2.75,0.5,1.0,False,62.786306035130906,5,0,0,,
v12_mpcdiag_reflsig_iid_20260801_00_0006__secondary_reflection_width_relative__oracle_diagnosis,v12_mpcdiag_reflsig_iid_20260801_00_0006,f6ca7add6b59c95242265c4f6c4c33a412d6a98dc567da68d5bf6ca340168301,oracle_diagnosis,Q4,non_boundary,north_east,2.75,0.5,1.0,True,0.5459907522780441,1,0,0,True,False
v12_mpcdiag_reflsig_iid_20260801_00_0006__secondary_reflection_width_relative__learned_image_diagnostic,v12_mpcdiag_reflsig_iid_20260801_00_0006,f6ca7add6b59c95242265c4f6c4c33a412d6a98dc567da68d5bf6ca340168301,learned_image_diagnostic,Q4,non_boundary,north_east,2.75,0.5,1.0,True,0.5459907522780441,1,0,0,True,False
v12_mpcdiag_reflsig_iid_20260801_00_0007__secondary_reflection_width_relative__no_diagnosis,v12_mpcdiag_reflsig_iid_20260801_00_0007,94b4b8df14725ed961e1a5e94e62145724025015ec906c619efec39b4ccc8093,no_diagnosis,Q3,non_boundary,north_east,2.75,0.4,1.0,False,29.388303924878812,4,0,0,,
v12_mpcdiag_reflsig_iid_20260801_00_0007__secondary_reflection_width_relative__oracle_diagnosis,v12_mpcdiag_reflsig_iid_20260801_00_0007,94b4b8df14725ed961e1a5e94e62145724025015ec906c619efec39b4ccc8093,oracle_diagnosis,Q3,non_boundary,north_east,2.75,0.4,1.0,True,0.8833671665830707,1,0,0,True,False
v12_mpcdiag_reflsig_iid_20260801_00_0007__secondary_reflection_width_relative__learned_image_diagnostic,v12_mpcdiag_reflsig_iid_20260801_00_0007,94b4b8df14725ed961e1a5e94e62145724025015ec906c619efec39b4ccc8093,learned_image_diagnostic,Q3,non_boundary,north_east,2.75,0.4,1.0,True,0.8833671665830707,1,0,0,True,False
v12_mpcdiag_reflsig_iid_20260801_00_0008__secondary_reflection_width_relative__no_diagnosis,v12_mpcdiag_reflsig_iid_20260801_00_0008,80232904221542e4d9d199a6dc995a78605f13dbd71637f577f2ab92c5b38f88,no_diagnosis,Q3,non_boundary,south_west,2.75,0.5,0.8,False,39.87342155093802,4,0,0,,
v12_mpcdiag_reflsig_iid_20260801_00_0008__secondary_reflection_width_relative__oracle_diagnosis,v12_mpcdiag_reflsig_iid_20260801_00_0008,80232904221542e4d9d199a6dc995a78605f13dbd71637f577f2ab92c5b38f88,oracle_diagnosis,Q3,non_boundary,south_west,2.75,0.5,0.8,True,0.37278585249805474,1,0,0,True,False
v12_mpcdiag_reflsig_iid_20260801_00_0008__secondary_reflection_width_relative__learned_image_diagnostic,v12_mpcdiag_reflsig_iid_20260801_00_0008,80232904221542e4d9d199a6dc995a78605f13dbd71637f577f2ab92c5b38f88,learned_image_diagnostic,Q3,non_boundary,south_west,2.75,0.5,0.8,True,0.37278585249805474,1,0,0,True,False
v12_mpcdiag_reflsig_iid_20260801_00_0009__secondary_reflection_width_relative__no_diagnosis,v12_mpcdiag_reflsig_iid_20260801_00_0009,c08898f5ea619c02a4dda1cf920ba997297f610ec655b2df231d88e447ab924d,no_diagnosis,Q4,non_boundary,north,2.25,0.4,0.8,False,33.4176398039009,4,0,0,,
v12_mpcdiag_reflsig_iid_20260801_00_0009__secondary_reflection_width_relative__oracle_diagnosis,v12_mpcdiag_reflsig_iid_20260801_00_0009,c08898f5ea619c02a4dda1cf920ba997297f610ec655b2df231d88e447ab924d,oracle_diagnosis,Q4,non_boundary,north,2.25,0.4,0.8,True,0.6899067071544778,1,0,0,True,False
v12_mpcdiag_reflsig_iid_20260801_00_0009__secondary_reflection_width_relative__learned_image_diagnostic,v12_mpcdiag_reflsig_iid_20260801_00_0009,c08898f5ea619c02a4dda1cf920ba997297f610ec655b2df231d88e447ab924d,learned_image_diagnostic,Q4,non_boundary,north,2.25,0.4,0.8,True,0.6899067071544778,1,0,0,True,False
v12_mpcdiag_reflsig_iid_20260801_01_0000__secondary_reflection_width_relative__no_diagnosis,v12_mpcdiag_reflsig_iid_20260801_01_0000,53d5a34d39397c64f41b43da49a6cbf566798bd0fc69de6a29848bd92fa45d02,no_diagnosis,Q3,non_boundary,south_east,2.75,0.5,0.8,False,25.5761833820344,5,0,0,,
v12_mpcdiag_reflsig_iid_20260801_01_0000__secondary_reflection_width_relative__oracle_diagnosis,v12_mpcdiag_reflsig_iid_20260801_01_0000,53d5a34d39397c64f41b43da49a6cbf566798bd0fc69de6a29848bd92fa45d02,oracle_diagnosis,Q3,non_boundary,south_east,2.75,0.5,0.8,True,0.13827781660302207,2,0,0,True,False
v12_mpcdiag_reflsig_iid_20260801_01_0000__secondary_reflection_width_relative__learned_image_diagnostic,v12_mpcdiag_reflsig_iid_20260801_01_0000,53d5a34d39397c64f41b43da49a6cbf566798bd0fc69de6a29848bd92fa45d02,learned_image_diagnostic,Q3,non_boundary,south_east,2.75,0.5,0.8,True,0.13827781660302207,2,0,0,True,False
v12_mpcdiag_reflsig_iid_20260801_01_0001__secondary_reflection_width_relative__no_diagnosis,v12_mpcdiag_reflsig_iid_20260801_01_0001,12050036cfb4b37c75343ef7feb0a8b8d248fe45f179d09f7dacedbc825980b1,no_diagnosis,Q4,non_boundary,south_east,2.75,0.4,0.8,False,38.09510233567801,6,0,0,,
v12_mpcdiag_reflsig_iid_20260801_01_0001__secondary_reflection_width_relative__oracle_diagnosis,v12_mpcdiag_reflsig_iid_20260801_01_0001,12050036cfb4b37c75343ef7feb0a8b8d248fe45f179d09f7dacedbc825980b1,oracle_diagnosis,Q4,non_boundary,south_east,2.75,0.4,0.8,True,0.3280766605230383,5,0,0,True,False
v12_mpcdiag_reflsig_iid_20260801_01_0001__secondary_reflection_width_relative__learned_image_diagnostic,v12_mpcdiag_reflsig_iid_20260801_01_0001,12050036cfb4b37c75343ef7feb0a8b8d248fe45f179d09f7dacedbc825980b1,learned_image_diagnostic,Q4,non_boundary,south_east,2.75,0.4,0.8,True,0.3280766605230383,5,0,0,True,False
v12_mpcdiag_reflsig_iid_20260801_01_0002__secondary_reflection_width_relative__no_diagnosis,v12_mpcdiag_reflsig_iid_20260801_01_0002,b74bf2acb82e5d862f822ae9cefc30a2ad216438dba430bc6f00e09beff68512,no_diagnosis,Q2,non_boundary,north,2.25,0.4,0.8,False,19.325937233438765,4,0,0,,
v12_mpcdiag_reflsig_iid_20260801_01_0002__secondary_reflection_width_relative__oracle_diagnosis,v12_mpcdiag_reflsig_iid_20260801_01_0002,b74bf2acb82e5d862f822ae9cefc30a2ad216438dba430bc6f00e09beff68512,oracle_diagnosis,Q2,non_boundary,north,2.25,0.4,0.8,True,0.21637811688106012,3,0,0,True,False
v12_mpcdiag_reflsig_iid_20260801_01_0002__secondary_reflection_width_relative__learned_image_diagnostic,v12_mpcdiag_reflsig_iid_20260801_01_0002,b74bf2acb82e5d862f822ae9cefc30a2ad216438dba430bc6f00e09beff68512,learned_image_diagnostic,Q2,non_boundary,north,2.25,0.4,0.8,True,0.21637811688106012,3,0,0,True,False
v12_mpcdiag_reflsig_iid_20260801_01_0003__secondary_reflection_width_relative__no_diagnosis,v12_mpcdiag_reflsig_iid_20260801_01_0003,c17629c987c4b4edc77e9c6c6af8d0d3c3f90fc712365eb88c038316a048a8e0,no_diagnosis,Q3,non_boundary,south_east,2.75,0.4,1.0,False,17.31015635277174,4,0,0,,
v12_mpcdiag_reflsig_iid_20260801_01_0003__secondary_reflection_width_relative__oracle_diagnosis,v12_mpcdiag_reflsig_iid_20260801_01_0003,c17629c987c4b4edc77e9c6c6af8d0d3c3f90fc712365eb88c038316a048a8e0,oracle_diagnosis,Q3,non_boundary,south_east,2.75,0.4,1.0,True,0.9511027619735728,1,0,0,True,False
v12_mpcdiag_reflsig_iid_20260801_01_0003__secondary_reflection_width_relative__learned_image_diagnostic,v12_mpcdiag_reflsig_iid_20260801_01_0003,c17629c987c4b4edc77e9c6c6af8d0d3c3f90fc712365eb88c038316a048a8e0,learned_image_diagnostic,Q3,non_boundary,south_east,2.75,0.4,1.0,True,0.9511027619735728,1,0,0,True,False
v12_mpcdiag_reflsig_iid_20260801_01_0004__secondary_reflection_width_relative__no_diagnosis,v12_mpcdiag_reflsig_iid_20260801_01_0004,0aaf319cb3a4d368b3818d65541c5cfc814e89466c46aaf1c5ef0311857c6043,no_diagnosis,Q4,non_boundary,east,2.25,0.4,0.8,False,53.650235123521725,4,0,0,,
v12_mpcdiag_reflsig_iid_20260801_01_0004__secondary_reflection_width_relative__oracle_diagnosis,v12_mpcdiag_reflsig_iid_20260801_01_0004,0aaf319cb3a4d368b3818d65541c5cfc814e89466c46aaf1c5ef0311857c6043,oracle_diagnosis,Q4,non_boundary,east,2.25,0.4,0.8,True,0.6374784908368838,4,0,0,True,False
v12_mpcdiag_reflsig_iid_20260801_01_0004__secondary_reflection_width_relative__learned_image_diagnostic,v12_mpcdiag_reflsig_iid_20260801_01_0004,0aaf319cb3a4d368b3818d65541c5cfc814e89466c46aaf1c5ef0311857c6043,learned_image_diagnostic,Q4,non_boundary,east,2.25,0.4,0.8,False,53.650235123521725,4,0,0,False,True
v12_mpcdiag_reflsig_iid_20260801_01_0005__secondary_reflection_width_relative__no_diagnosis,v12_mpcdiag_reflsig_iid_20260801_01_0005,c27b6f4d5421e36a79b1269c952d9a6b1d5c97a5fa44d6ec62a50907a2c01be6,no_diagnosis,Q2,non_boundary,south,2.25,0.4,1.0,False,29.960848238425115,6,0,0,,
v12_mpcdiag_reflsig_iid_20260801_01_0005__secondary_reflection_width_relative__oracle_diagnosis,v12_mpcdiag_reflsig_iid_20260801_01_0005,c27b6f4d5421e36a79b1269c952d9a6b1d5c97a5fa44d6ec62a50907a2c01be6,oracle_diagnosis,Q2,non_boundary,south,2.25,0.4,1.0,True,0.5905157015528175,5,0,0,True,False
v12_mpcdiag_reflsig_iid_20260801_01_0005__secondary_reflection_width_relative__learned_image_diagnostic,v12_mpcdiag_reflsig_iid_20260801_01_0005,c27b6f4d5421e36a79b1269c952d9a6b1d5c97a5fa44d6ec62a50907a2c01be6,learned_image_diagnostic,Q2,non_boundary,south,2.25,0.4,1.0,True,0.5905157015528175,5,0,0,True,False
v12_mpcdiag_reflsig_iid_20260801_01_0006__secondary_reflection_width_relative__no_diagnosis,v12_mpcdiag_reflsig_iid_20260801_01_0006,904695a484b515d7a796fb93df43d4a7d281ff35cf565b214c3f040b45b173d9,no_diagnosis,Q2,non_boundary,east,2.75,0.5,0.8,False,25.87769200841302,4,0,0,,
v12_mpcdiag_reflsig_iid_20260801_01_0006__secondary_reflection_width_relative__oracle_diagnosis,v12_mpcdiag_reflsig_iid_20260801_01_0006,904695a484b515d7a796fb93df43d4a7d281ff35cf565b214c3f040b45b173d9,oracle_diagnosis,Q2,non_boundary,east,2.75,0.5,0.8,True,0.25202539325766793,2,0,0,True,False
v12_mpcdiag_reflsig_iid_20260801_01_0006__secondary_reflection_width_relative__learned_image_diagnostic,v12_mpcdiag_reflsig_iid_20260801_01_0006,904695a484b515d7a796fb93df43d4a7d281ff35cf565b214c3f040b45b173d9,learned_image_diagnostic,Q2,non_boundary,east,2.75,0.5,0.8,True,0.25202539325766793,2,0,0,True,False
v12_mpcdiag_reflsig_iid_20260801_01_0007__secondary_reflection_width_relative__no_diagnosis,v12_mpcdiag_reflsig_iid_20260801_01_0007,9cc9f2f778c56af9b552de233bd3b5fd64447a327016f2ce7f5126172d7fce5f,no_diagnosis,Q4,non_boundary,south,2.75,0.4,0.8,False,41.33360050384243,4,0,0,,
v12_mpcdiag_reflsig_iid_20260801_01_0007__secondary_reflection_width_relative__oracle_diagnosis,v12_mpcdiag_reflsig_iid_20260801_01_0007,9cc9f2f778c56af9b552de233bd3b5fd64447a327016f2ce7f5126172d7fce5f,oracle_diagnosis,Q4,non_boundary,south,2.75,0.4,0.8,True,0.7684112727589536,1,0,0,True,False
v12_mpcdiag_reflsig_iid_20260801_01_0007__secondary_reflection_width_relative__learned_image_diagnostic,v12_mpcdiag_reflsig_iid_20260801_01_0007,9cc9f2f778c56af9b552de233bd3b5fd64447a327016f2ce7f5126172d7fce5f,learned_image_diagnostic,Q4,non_boundary,south,2.75,0.4,0.8,True,0.7684112727589536,1,0,0,True,False
v12_mpcdiag_reflsig_iid_20260801_01_0008__secondary_reflection_width_relative__no_diagnosis,v12_mpcdiag_reflsig_iid_20260801_01_0008,526c842895ecfd60a9956ae6a86e1818520eca53bffaa11a3a156f7dbb16a684,no_diagnosis,Q3,non_boundary,south,2.25,0.4,1.0,False,40.70696783974461,6,0,0,,
v12_mpcdiag_reflsig_iid_20260801_01_0008__secondary_reflection_width_relative__oracle_diagnosis,v12_mpcdiag_reflsig_iid_20260801_01_0008,526c842895ecfd60a9956ae6a86e1818520eca53bffaa11a3a156f7dbb16a684,oracle_diagnosis,Q3,non_boundary,south,2.25,0.4,1.0,True,0.6516742508700872,7,0,0,True,False
v12_mpcdiag_reflsig_iid_20260801_01_0008__secondary_reflection_width_relative__learned_image_diagnostic,v12_mpcdiag_reflsig_iid_20260801_01_0008,526c842895ecfd60a9956ae6a86e1818520eca53bffaa11a3a156f7dbb16a684,learned_image_diagnostic,Q3,non_boundary,south,2.25,0.4,1.0,True,0.6516742508700872,7,0,0,True,False
v12_mpcdiag_reflsig_iid_20260801_01_0009__secondary_reflection_width_relative__no_diagnosis,v12_mpcdiag_reflsig_iid_20260801_01_0009,d2a493b733d4d29a70faa7b568f8ca6e4e0eff1641dfc934ff775063a9693e85,no_diagnosis,Q2,non_boundary,west,2.25,0.5,0.8,False,28.262435356202275,4,0,0,,
v12_mpcdiag_reflsig_iid_20260801_01_0009__secondary_reflection_width_relative__oracle_diagnosis,v12_mpcdiag_reflsig_iid_20260801_01_0009,d2a493b733d4d29a70faa7b568f8ca6e4e0eff1641dfc934ff775063a9693e85,oracle_diagnosis,Q2,non_boundary,west,2.25,0.5,0.8,True,0.5184790514601332,2,0,0,True,False
v12_mpcdiag_reflsig_iid_20260801_01_0009__secondary_reflection_width_relative__learned_image_diagnostic,v12_mpcdiag_reflsig_iid_20260801_01_0009,d2a493b733d4d29a70faa7b568f8ca6e4e0eff1641dfc934ff775063a9693e85,learned_image_diagnostic,Q2,non_boundary,west,2.25,0.5,0.8,True,0.5184790514601332,2,0,0,True,False
v12_mpcdiag_reflsig_iid_20260801_02_0000__secondary_reflection_width_relative__no_diagnosis,v12_mpcdiag_reflsig_iid_20260801_02_0000,21ae5e9456a58e1e96dbfbc8491d84e0060f02de21e33ad570cfc7febfb0bfa6,no_diagnosis,Q2,boundary,north_east,2.75,0.5,0.8,False,6.094857580796884,4,0,0,,
v12_mpcdiag_reflsig_iid_20260801_02_0000__secondary_reflection_width_relative__oracle_diagnosis,v12_mpcdiag_reflsig_iid_20260801_02_0000,21ae5e9456a58e1e96dbfbc8491d84e0060f02de21e33ad570cfc7febfb0bfa6,oracle_diagnosis,Q2,boundary,north_east,2.75,0.5,0.8,True,0.45185396969026215,2,0,0,True,False
v12_mpcdiag_reflsig_iid_20260801_02_0000__secondary_reflection_width_relative__learned_image_diagnostic,v12_mpcdiag_reflsig_iid_20260801_02_0000,21ae5e9456a58e1e96dbfbc8491d84e0060f02de21e33ad570cfc7febfb0bfa6,learned_image_diagnostic,Q2,boundary,north_east,2.75,0.5,0.8,True,0.45185396969026215,2,0,0,True,False
v12_mpcdiag_reflsig_iid_20260801_02_0001__secondary_reflection_width_relative__no_diagnosis,v12_mpcdiag_reflsig_iid_20260801_02_0001,30ba941af3ef7429dba52753832dd0e558c9f708b7fe44b5d7ae03a949d4b303,no_diagnosis,Q2,boundary,north_west,2.75,0.4,1.0,False,15.600586012970098,5,0,0,,
v12_mpcdiag_reflsig_iid_20260801_02_0001__secondary_reflection_width_relative__oracle_diagnosis,v12_mpcdiag_reflsig_iid_20260801_02_0001,30ba941af3ef7429dba52753832dd0e558c9f708b7fe44b5d7ae03a949d4b303,oracle_diagnosis,Q2,boundary,north_west,2.75,0.4,1.0,True,0.5362160843440051,3,0,0,True,False
v12_mpcdiag_reflsig_iid_20260801_02_0001__secondary_reflection_width_relative__learned_image_diagnostic,v12_mpcdiag_reflsig_iid_20260801_02_0001,30ba941af3ef7429dba52753832dd0e558c9f708b7fe44b5d7ae03a949d4b303,learned_image_diagnostic,Q2,boundary,north_west,2.75,0.4,1.0,True,0.5362160843440051,3,0,0,True,False
v12_mpcdiag_reflsig_iid_20260801_02_0002__secondary_reflection_width_relative__no_diagnosis,v12_mpcdiag_reflsig_iid_20260801_02_0002,4b2cd52b0e8f291aae29fb8036df8e87a0b699c45fbe52281c1feeaaef183320,no_diagnosis,Q2,boundary,north,2.75,0.5,1.0,False,14.49210545709127,8,0,0,,
v12_mpcdiag_reflsig_iid_20260801_02_0002__secondary_reflection_width_relative__oracle_diagnosis,v12_mpcdiag_reflsig_iid_20260801_02_0002,4b2cd52b0e8f291aae29fb8036df8e87a0b699c45fbe52281c1feeaaef183320,oracle_diagnosis,Q2,boundary,north,2.75,0.5,1.0,False,5.51608142285787,7,0,0,True,False
v12_mpcdiag_reflsig_iid_20260801_02_0002__secondary_reflection_width_relative__learned_image_diagnostic,v12_mpcdiag_reflsig_iid_20260801_02_0002,4b2cd52b0e8f291aae29fb8036df8e87a0b699c45fbe52281c1feeaaef183320,learned_image_diagnostic,Q2,boundary,north,2.75,0.5,1.0,False,14.49210545709127,8,0,0,False,True
v12_mpcdiag_reflsig_iid_20260801_02_0003__secondary_reflection_width_relative__no_diagnosis,v12_mpcdiag_reflsig_iid_20260801_02_0003,416d656c1980be0099751d8138150990a1eacf200118a717a34fa74d16b786a5,no_diagnosis,Q1,boundary,south,2.75,0.5,1.0,False,3.921956396656981,4,0,0,,
v12_mpcdiag_reflsig_iid_20260801_02_0003__secondary_reflection_width_relative__oracle_diagnosis,v12_mpcdiag_reflsig_iid_20260801_02_0003,416d656c1980be0099751d8138150990a1eacf200118a717a34fa74d16b786a5,oracle_diagnosis,Q1,boundary,south,2.75,0.5,1.0,True,0.5597647002763324,1,0,0,True,False
v12_mpcdiag_reflsig_iid_20260801_02_0003__secondary_reflection_width_relative__learned_image_diagnostic,v12_mpcdiag_reflsig_iid_20260801_02_0003,416d656c1980be0099751d8138150990a1eacf200118a717a34fa74d16b786a5,learned_image_diagnostic,Q1,boundary,south,2.75,0.5,1.0,False,3.921956396656981,4,0,0,False,True
v12_mpcdiag_reflsig_iid_20260801_02_0004__secondary_reflection_width_relative__no_diagnosis,v12_mpcdiag_reflsig_iid_20260801_02_0004,f110f547597b3ba86814f763dcd4e94ff793b86b9f81e29c5906ec45fc03f255,no_diagnosis,Q1,boundary,south,2.75,0.5,0.8,False,40.75623464215073,4,0,0,,
v12_mpcdiag_reflsig_iid_20260801_02_0004__secondary_reflection_width_relative__oracle_diagnosis,v12_mpcdiag_reflsig_iid_20260801_02_0004,f110f547597b3ba86814f763dcd4e94ff793b86b9f81e29c5906ec45fc03f255,oracle_diagnosis,Q1,boundary,south,2.75,0.5,0.8,False,3.573533932101895,4,0,0,True,False
v12_mpcdiag_reflsig_iid_20260801_02_0004__secondary_reflection_width_relative__learned_image_diagnostic,v12_mpcdiag_reflsig_iid_20260801_02_0004,f110f547597b3ba86814f763dcd4e94ff793b86b9f81e29c5906ec45fc03f255,learned_image_diagnostic,Q1,boundary,south,2.75,0.5,0.8,False,3.573533932101895,4,0,0,True,False
v12_mpcdiag_reflsig_iid_20260801_02_0005__secondary_reflection_width_relative__no_diagnosis,v12_mpcdiag_reflsig_iid_20260801_02_0005,f534c08d3bc47361da50480743b5172eb2a8519a4918ccb91081382527c0b0e7,no_diagnosis,Q1,boundary,south_west,2.75,0.4,0.8,False,5.126294085976156,6,0,0,,
v12_mpcdiag_reflsig_iid_20260801_02_0005__secondary_reflection_width_relative__oracle_diagnosis,v12_mpcdiag_reflsig_iid_20260801_02_0005,f534c08d3bc47361da50480743b5172eb2a8519a4918ccb91081382527c0b0e7,oracle_diagnosis,Q1,boundary,south_west,2.75,0.4,0.8,True,0.0836666030608626,4,0,0,True,False
v12_mpcdiag_reflsig_iid_20260801_02_0005__secondary_reflection_width_relative__learned_image_diagnostic,v12_mpcdiag_reflsig_iid_20260801_02_0005,f534c08d3bc47361da50480743b5172eb2a8519a4918ccb91081382527c0b0e7,learned_image_diagnostic,Q1,boundary,south_west,2.75,0.4,0.8,True,0.3076460841041353,5,0,0,False,True
v12_mpcdiag_reflsig_iid_20260801_02_0006__secondary_reflection_width_relative__no_diagnosis,v12_mpcdiag_reflsig_iid_20260801_02_0006,5cc2c819274b132e507db113bbdf167544d78734992c2b57c663aec38584d5d3,no_diagnosis,Q1,boundary,west,2.25,0.4,0.8,False,2.1636944386700634,2,0,0,,
v12_mpcdiag_reflsig_iid_20260801_02_0006__secondary_reflection_width_relative__oracle_diagnosis,v12_mpcdiag_reflsig_iid_20260801_02_0006,5cc2c819274b132e507db113bbdf167544d78734992c2b57c663aec38584d5d3,oracle_diagnosis,Q1,boundary,west,2.25,0.4,0.8,True,0.7401273476447727,2,0,0,True,False
v12_mpcdiag_reflsig_iid_20260801_02_0006__secondary_reflection_width_relative__learned_image_diagnostic,v12_mpcdiag_reflsig_iid_20260801_02_0006,5cc2c819274b132e507db113bbdf167544d78734992c2b57c663aec38584d5d3,learned_image_diagnostic,Q1,boundary,west,2.25,0.4,0.8,False,2.1636944386700634,2,0,0,False,True
v12_mpcdiag_reflsig_iid_20260801_02_0007__secondary_reflection_width_relative__no_diagnosis,v12_mpcdiag_reflsig_iid_20260801_02_0007,c97f4b5688da07ffc3a2af4355b387b363c995050ea0aa745674fe91a4788124,no_diagnosis,Q1,boundary,south_east,2.75,0.4,0.8,False,15.85788575106153,4,0,0,,
v12_mpcdiag_reflsig_iid_20260801_02_0007__secondary_reflection_width_relative__oracle_diagnosis,v12_mpcdiag_reflsig_iid_20260801_02_0007,c97f4b5688da07ffc3a2af4355b387b363c995050ea0aa745674fe91a4788124,oracle_diagnosis,Q1,boundary,south_east,2.75,0.4,0.8,True,0.35178660425196995,1,0,0,True,False
v12_mpcdiag_reflsig_iid_20260801_02_0007__secondary_reflection_width_relative__learned_image_diagnostic,v12_mpcdiag_reflsig_iid_20260801_02_0007,c97f4b5688da07ffc3a2af4355b387b363c995050ea0aa745674fe91a4788124,learned_image_diagnostic,Q1,boundary,south_east,2.75,0.4,0.8,True,0.35178660425196995,1,0,0,True,False
v12_mpcdiag_reflsig_iid_20260801_02_0008__secondary_reflection_width_relative__no_diagnosis,v12_mpcdiag_reflsig_iid_20260801_02_0008,d8570185dcbad4550435ee354b8037eda5ecdbad49f36d9313a100eb9fdc8e9f,no_diagnosis,Q1,boundary,south_west,2.75,0.4,0.8,False,21.7734085116507,8,0,0,,
v12_mpcdiag_reflsig_iid_20260801_02_0008__secondary_reflection_width_relative__oracle_diagnosis,v12_mpcdiag_reflsig_iid_20260801_02_0008,d8570185dcbad4550435ee354b8037eda5ecdbad49f36d9313a100eb9fdc8e9f,oracle_diagnosis,Q1,boundary,south_west,2.75,0.4,0.8,False,13.0582524515965,5,0,0,True,False
v12_mpcdiag_reflsig_iid_20260801_02_0008__secondary_reflection_width_relative__learned_image_diagnostic,v12_mpcdiag_reflsig_iid_20260801_02_0008,d8570185dcbad4550435ee354b8037eda5ecdbad49f36d9313a100eb9fdc8e9f,learned_image_diagnostic,Q1,boundary,south_west,2.75,0.4,0.8,False,13.0582524515965,5,0,0,True,False
v12_mpcdiag_reflsig_iid_20260801_02_0009__secondary_reflection_width_relative__no_diagnosis,v12_mpcdiag_reflsig_iid_20260801_02_0009,9115dd2676f377677df90dd391de0993e0d5a54d00714e9cb5d23f349fc26dc2,no_diagnosis,Q1,boundary,north_east,2.75,0.4,0.8,False,25.908700026728752,5,0,0,,
v12_mpcdiag_reflsig_iid_20260801_02_0009__secondary_reflection_width_relative__oracle_diagnosis,v12_mpcdiag_reflsig_iid_20260801_02_0009,9115dd2676f377677df90dd391de0993e0d5a54d00714e9cb5d23f349fc26dc2,oracle_diagnosis,Q1,boundary,north_east,2.75,0.4,0.8,True,0.5785974222952177,3,0,0,True,False
v12_mpcdiag_reflsig_iid_20260801_02_0009__secondary_reflection_width_relative__learned_image_diagnostic,v12_mpcdiag_reflsig_iid_20260801_02_0009,9115dd2676f377677df90dd391de0993e0d5a54d00714e9cb5d23f349fc26dc2,learned_image_diagnostic,Q1,boundary,north_east,2.75,0.4,0.8,True,0.5785974222952177,3,0,0,True,False
